min_dte,max_dte,min_moneyness,max_moneyness,max_rel_spread,min_liquidity_volume,min_liquidity_open_interest,sell_edge_threshold,buy_edge_threshold,weekly_abs_edge_usd,mid_abs_edge_usd,prefer_defined_risk,allow_naked_long,allow_naked_short,max_naked_dte,stress_return_gate,no_defined_risk,total_pnl,daily_sharpe,max_drawdown_abs,max_drawdown,trades,candidates,win_rate
14,75,0.75,1.05,0.15,1000.0,10000.0,0.1,-10.0,1.0,0.5,False,False,False,7,-0.02,True,12908.851295864566,1.4886237950133945,-5770.063686800778,-4.228262810281196,1876,3137,0.6706827309236948
14,75,0.75,1.05,0.08,1000.0,10000.0,0.1,-10.0,1.0,0.1,False,False,False,7,-0.02,True,12908.851295864566,1.4886237950133945,-5770.063686800778,-4.228262810281196,1876,3137,0.6706827309236948
14,75,0.75,1.05,0.12,1000.0,10000.0,0.1,-10.0,1.0,0.5,False,True,False,45,-0.02,True,12908.851295864566,1.4886237950133945,-5770.063686800778,-4.228262810281196,1876,3137,0.6706827309236948
10,75,0.95,1.25,0.15,1000.0,50000.0,0.3,-8.0,0.3,0.2,False,False,True,14,-0.01,True,10796.422988405939,1.2581390704479696,-6260.2904636441845,-4.138630755981726,1719,2853,0.570281124497992
10,75,0.95,1.25,0.15,1000.0,50000.0,0.5,-8.0,0.3,0.2,False,False,True,14,-0.01,True,10796.422988405939,1.2581390704479696,-6260.2904636441845,-4.138630755981726,1719,2852,0.570281124497992
3,60,0.75,1.2,0.03,50.0,0.0,0.5,-12.0,1.0,0.3,False,True,True,30,0.0,True,10741.602613518118,1.760147185285705,-2573.270145124782,-1.4969738800527383,1210,11419,0.5060240963855421
3,60,0.75,1.2,0.03,50.0,0.0,1.0,-12.0,1.0,0.3,False,True,True,30,0.0,True,10741.602613518118,1.760147185285705,-2573.270145124782,-1.4969738800527383,1210,11392,0.5060240963855421
3,60,0.75,1.2,0.03,50.0,0.0,0.5,-12.0,0.1,0.3,False,False,False,30,0.0,True,10741.602613518118,1.760147185285705,-2573.270145124782,-1.4969738800527383,1210,11419,0.5060240963855421
3,75,0.8,1.3,0.03,200.0,3000.0,1.0,-12.0,0.05,0.2,False,True,True,45,-0.03,True,10119.86373942406,1.4868241100387807,-3545.1469765531474,-1.5438323340848534,2021,17149,0.7469879518072289
3,75,0.85,1.1,0.08,50.0,20000.0,1.0,-12.0,0.03,1.0,True,True,True,21,-0.01,False,9156.440555826071,1.7471079621437127,-1632.9847682547634,-0.6149831092093819,1715,19143,0.6506024096385542
3,75,0.85,1.1,0.08,50.0,20000.0,1.0,-12.0,0.3,1.0,True,True,True,21,-0.01,False,9156.440555826071,1.7471079621437127,-1632.9847682547634,-0.6149831092093819,1715,19143,0.6506024096385542
3,75,0.8,1.1,0.08,50.0,20000.0,1.0,-12.0,0.3,1.0,True,True,False,21,-0.01,False,7909.772634236131,1.410791562387888,-2097.6459857229356,-0.6720748100547073,761,19684,0.6024096385542169
14,120,0.8,1.25,0.08,50.0,20000.0,0.3,-12.0,0.1,0.5,False,False,False,60,0.0,True,7870.172445606825,0.9817330323494552,-3962.4770898754996,-1.2108472394823284,1260,7176,0.46586345381526106
14,120,0.8,1.25,0.08,50.0,20000.0,3.0,-12.0,0.1,0.1,False,True,False,60,0.0,True,7870.172445606825,0.9817330323494552,-3962.4770898754996,-1.2108472394823284,1260,6911,0.46586345381526106
14,120,0.8,1.25,0.08,50.0,20000.0,0.3,-12.0,0.1,0.3,False,False,False,60,0.0,True,7870.172445606825,0.9817330323494552,-3962.4770898754996,-1.2108472394823284,1260,7176,0.46586345381526106
14,120,0.8,1.25,0.08,50.0,20000.0,0.3,-12.0,0.3,0.5,False,False,True,60,0.0,True,7870.172445606825,0.9817330323494552,-3962.4770898754996,-1.2108472394823284,1260,7176,0.46586345381526106
21,45,0.85,1.1,0.15,1000.0,10000.0,2.0,-0.3,0.03,0.2,False,True,True,21,-0.02,True,7840.8301646434065,0.8646914414477849,-6587.73969772302,-2.4467121065966233,1513,1727,0.5943775100401606
14,60,0.9,1.2,0.2,200.0,10000.0,8.0,-4.0,0.3,1.0,False,True,True,45,-0.0125,True,7297.976915869336,0.596504150550723,-8472.852689018428,-0.6797271178543812,2001,5875,0.570281124497992
14,60,0.9,1.2,0.2,200.0,10000.0,8.0,-4.0,0.3,0.2,False,True,True,30,-0.0125,True,7297.976915869336,0.596504150550723,-8472.852689018428,-0.6797271178543812,2001,5875,0.570281124497992
14,75,0.8,1.3,0.2,200.0,3000.0,1.0,-12.0,0.5,2.0,False,True,True,45,0.0,True,7232.1210489716905,1.2529764866700925,-3588.1915114587164,-2.998341883275193,1183,4511,0.42168674698795183
5,30,0.85,1.3,0.08,200.0,0.0,20.0,-12.0,0.1,0.05,False,False,False,7,-0.03,True,7037.212022161301,1.6830588144127498,-1371.3129466849246,-0.754957532178143,2023,13710,0.7068273092369478
5,30,0.85,1.3,0.08,200.0,0.0,20.0,-12.0,0.1,0.05,False,True,False,45,-0.03,True,7037.212022161301,1.6830588144127498,-1371.3129466849246,-0.754957532178143,2023,13710,0.7068273092369478
5,30,0.85,1.3,0.08,25.0,0.0,20.0,-12.0,0.3,0.05,False,False,False,7,-0.03,True,7037.212022161301,1.6830588144127498,-1371.3129466849246,-0.754957532178143,2023,13710,0.7068273092369478
3,75,0.9,1.1,0.08,50.0,20000.0,1.0,-12.0,0.03,1.0,True,True,True,21,-0.01,False,6917.258116396159,1.4967002078515275,-2016.7817332138593,-6.578688394499492,1665,18144,0.6586345381526104
14,75,0.8,1.3,0.2,200.0,3000.0,1.0,-12.0,0.5,0.2,False,True,True,45,-0.03,True,6822.549794134095,0.9746495196141994,-5324.438579184256,-3.8341551456777405,2012,7831,0.6626506024096386
14,75,0.8,1.3,0.2,200.0,3000.0,1.0,-12.0,0.5,0.2,False,False,True,45,-0.03,True,6822.549794134095,0.9746495196141994,-5324.438579184256,-3.8341551456777405,2012,7831,0.6626506024096386
14,30,0.75,1.3,0.2,1000.0,50000.0,0.3,-30.0,0.05,2.0,False,True,False,21,0.0,True,6821.237937783399,1.3212723484306472,-4188.422469625835,-0.5527103006819281,906,1091,0.3815261044176707
3,60,0.75,1.2,0.03,500.0,5000.0,0.5,-12.0,1.0,0.3,False,True,True,30,0.0,True,6664.343007574628,1.243330551321608,-2580.6684571682886,-8.406616027420373,1168,6812,0.4457831325301205
3,75,0.85,1.1,0.08,200.0,20000.0,5.0,-12.0,0.03,1.0,True,True,True,21,0.0,False,6643.523931323003,1.5244425026969606,-1402.45590832599,-2.48580562553361,1087,9281,0.4578313253012048
3,90,0.75,1.05,0.12,25.0,3000.0,5.0,-15.0,0.03,0.5,False,True,True,21,-0.03,True,6418.964983188807,2.003131682295399,-1843.6475294206646,-0.8835240777686088,1975,22012,0.7831325301204819
3,90,0.75,1.05,0.08,25.0,3000.0,5.0,-15.0,0.03,0.5,False,True,True,21,-0.03,True,6418.964983188807,2.003131682295399,-1843.6475294206646,-0.8835240777686088,1975,22012,0.7831325301204819
3,90,0.75,1.05,0.12,25.0,10000.0,5.0,-15.0,0.03,0.5,False,True,False,21,-0.03,True,6418.964983188807,2.003131682295399,-1843.6475294206646,-0.8835240777686088,1975,22012,0.7831325301204819
3,90,0.75,1.05,0.12,25.0,5000.0,5.0,-15.0,0.03,0.05,False,True,True,21,-0.03,True,6418.964983188807,2.003131682295399,-1843.6475294206646,-0.8835240777686088,1975,22012,0.7831325301204819
3,75,0.75,1.05,0.2,0.0,20000.0,3.0,-15.0,0.05,1.0,False,True,True,45,-0.03,True,6239.1630355773605,1.957796539736972,-1806.5812493463857,-0.898241881073495,1974,22978,0.7871485943775101
5,30,0.85,1.3,0.15,200.0,0.0,12.0,-12.0,0.1,0.3,False,False,False,7,-0.03,True,6228.8924468378045,1.4978197581842407,-1501.6019201831155,-0.9041638455501023,2030,14824,0.7068273092369478
7,60,0.95,1.05,0.05,25.0,10000.0,8.0,-8.0,0.5,2.0,True,True,False,14,-0.03,False,6083.269693051826,1.552932866864226,-1734.7425076196953,-20.886473934980025,653,11413,0.6104417670682731
7,60,0.95,1.05,0.05,25.0,10000.0,8.0,-8.0,0.5,0.2,True,True,False,14,-0.03,False,6083.269693051826,1.552932866864226,-1734.7425076196953,-20.886473934980025,653,11413,0.6104417670682731
3,90,0.75,1.05,0.12,25.0,0.0,5.0,-15.0,0.03,0.5,False,True,True,21,-0.03,True,6056.046341628337,1.8975424101290326,-1806.5812493463857,-0.898241881073495,1976,23065,0.7831325301204819
5,30,0.85,1.3,0.08,200.0,0.0,20.0,-12.0,0.1,0.05,False,True,False,7,-0.0125,True,5953.981210718465,1.4885286748479156,-1371.3129466849246,-1.0493283799086224,1887,12981,0.6666666666666666
3,90,0.95,1.3,0.03,0.0,5000.0,12.0,-12.0,0.1,1.0,False,False,True,7,-0.0075,True,5811.347051189155,1.1853171368485953,-2954.3575413126982,-3.464151870669672,1723,13049,0.6465863453815262
3,90,0.95,1.3,0.03,0.0,1000.0,12.0,-12.0,0.1,0.2,False,False,True,14,-0.0075,True,5811.347051189155,1.1853171368485953,-2954.3575413126982,-3.464151870669672,1723,13049,0.6465863453815262
3,90,0.95,1.3,0.03,50.0,5000.0,12.0,-12.0,0.1,1.0,False,False,True,7,-0.0075,True,5811.347051189155,1.1853171368485953,-2954.3575413126982,-3.464151870669672,1723,13049,0.6465863453815262
3,90,0.95,1.3,0.03,0.0,5000.0,12.0,-12.0,0.3,1.0,False,False,True,7,-0.0075,True,5811.347051189155,1.1853171368485953,-2954.3575413126982,-3.464151870669672,1723,13049,0.6465863453815262
3,90,0.95,1.3,0.03,0.0,0.0,5.0,-12.0,0.1,1.0,False,False,True,7,-0.0075,True,5811.347051189155,1.1853171368485953,-2954.3575413126982,-3.464151870669672,1723,14109,0.6465863453815262
14,120,0.95,1.05,0.03,1000.0,3000.0,5.0,-10.0,0.2,0.2,False,True,True,60,0.0,True,5751.670393497356,1.0026554712247302,-5311.338900355278,-2.010904411668334,968,1263,0.3815261044176707
3,90,0.95,1.25,0.15,1000.0,0.0,2.0,-8.0,0.03,0.05,True,True,True,30,-0.01,False,5705.54154859548,0.36432635955939946,-11524.63604727712,-7.19485871256474,1824,17936,0.5662650602409639
3,30,0.75,1.05,0.08,50.0,20000.0,0.5,-12.0,0.2,0.5,False,False,True,21,-0.0125,True,5525.046045633306,0.9296748974486814,-2992.2033990702475,-0.4888010775008961,1876,15716,0.7028112449799196
14,90,0.9,1.25,0.12,1000.0,10000.0,8.0,-3.0,0.3,0.2,True,True,False,30,-0.02,False,5518.614323495632,0.7818110057963475,-4769.75857388516,-0.6821798372228682,700,3000,0.5461847389558233
14,75,0.8,1.3,0.2,200.0,3000.0,0.05,-12.0,0.5,0.2,True,True,True,45,-0.03,False,5514.101530468042,1.158393948802101,-4460.052248645682,-4.123846578752719,1805,7898,0.6546184738955824
3,90,0.95,1.3,0.03,0.0,5000.0,12.0,-12.0,0.3,1.0,False,False,True,7,-0.02,True,5452.346533980259,1.0795741572785436,-2954.3575413126982,-3.464151870669672,1947,14698,0.7309236947791165
10,120,0.95,1.05,0.03,0.0,3000.0,0.05,-10.0,0.1,2.0,False,True,True,60,0.0,True,5406.158518522025,0.9432961170731052,-5308.03330137306,-3.3177090735916615,1142,4989,0.3895582329317269
14,30,0.75,1.3,0.2,1000.0,50000.0,8.0,-30.0,0.05,2.0,False,True,False,21,0.0,True,5196.349151236017,1.004613919041381,-5185.5828795933185,-3.951597415558911,887,1047,0.3855421686746988
14,30,0.75,1.3,0.2,1000.0,50000.0,8.0,-30.0,0.05,2.0,False,True,False,30,0.0,True,5196.349151236017,1.004613919041381,-5185.5828795933185,-3.951597415558911,887,1047,0.3855421686746988
14,30,0.75,1.3,0.2,1000.0,50000.0,8.0,-30.0,0.05,0.3,False,False,True,21,0.0,True,5196.349151236017,1.004613919041381,-5185.5828795933185,-3.951597415558911,887,1047,0.3855421686746988
14,30,0.75,1.3,0.1,1000.0,50000.0,8.0,-30.0,0.1,2.0,False,False,True,21,0.0,True,5196.349151236017,1.004613919041381,-5185.5828795933185,-3.951597415558911,887,1047,0.3855421686746988
14,45,0.8,1.3,0.03,200.0,1000.0,20.0,-3.0,0.2,0.05,False,True,False,7,-0.0125,True,5111.241333476079,0.499950141547806,-8381.547712691328,-285.4565736489551,1985,4830,0.5542168674698795
14,90,0.75,1.1,0.15,1000.0,3000.0,1.0,-12.0,0.2,1.0,False,False,True,30,-0.02,True,5025.268636490938,0.6696703139519127,-8540.97316369929,-36.087780324234494,1904,3477,0.6305220883534136
21,75,0.8,1.25,0.15,1000.0,50000.0,0.3,-8.0,0.2,0.1,False,False,True,30,-0.01,True,4931.2628450897,0.6440531136596761,-7204.854600579064,-11.012421073081256,1638,2244,0.5662650602409639
3,75,0.75,1.05,0.2,50.0,20000.0,8.0,-15.0,0.2,1.0,False,True,True,45,-0.03,True,4879.872947728334,1.4941229949149697,-1927.03239149105,-1.3979423660052732,1972,19799,0.7911646586345381
3,75,0.75,1.05,0.2,50.0,20000.0,8.0,-15.0,0.03,1.0,False,True,True,45,-0.03,True,4879.872947728334,1.4941229949149697,-1927.03239149105,-1.3979423660052732,1972,19799,0.7911646586345381
14,75,0.75,1.05,0.15,500.0,10000.0,0.1,-10.0,1.0,0.5,False,False,False,30,-0.02,True,4768.925376833222,0.5255784830928517,-6742.69253690017,-28.353864221505795,1938,4710,0.6706827309236948
14,60,0.9,1.2,0.2,200.0,10000.0,2.0,-4.0,0.3,0.05,False,True,True,45,0.0,True,4719.647854040413,0.40920086719469084,-8038.8447627145815,-0.6851165952594216,1313,3919,0.42971887550200805
21,45,0.85,1.1,0.15,1000.0,20000.0,2.0,-2.0,0.03,0.2,False,True,True,21,-0.0075,True,4547.335120016211,0.5821713144256915,-7431.879047784443,-3.8571726399531125,1313,1503,0.5381526104417671
21,45,0.8,1.3,0.03,200.0,1000.0,2.0,-3.0,0.2,0.05,False,False,False,7,-0.0125,True,4476.219389552871,0.4785747664333238,-8335.664760982832,-1.0231899434203946,1944,4132,0.5502008032128514
10,90,0.95,1.1,0.2,25.0,10000.0,3.0,-8.0,1.0,0.1,True,True,False,30,-0.0075,False,4463.780283133404,0.5490730937008114,-5964.523036873561,-0.6450828010062906,619,9485,0.4538152610441767
7,30,0.9,1.05,0.12,200.0,3000.0,5.0,-4.0,0.03,2.0,False,True,True,60,0.0,True,4368.5781508093605,0.4922485114323929,-6568.659861210123,-39.45577292696317,1224,4952,0.46987951807228917
14,90,0.75,1.1,0.15,1000.0,3000.0,1.0,-20.0,0.3,1.0,False,False,True,30,-0.02,True,4367.0970476048415,0.623396579991206,-8478.184979091659,-36.087780324234494,1883,3456,0.6385542168674698
14,90,0.75,1.1,0.2,1000.0,3000.0,1.0,-20.0,0.3,1.0,False,False,True,30,-0.02,True,4367.0970476048415,0.623396579991206,-8478.184979091659,-36.087780324234494,1883,3456,0.6385542168674698
14,30,0.9,1.3,0.1,0.0,10000.0,0.1,-12.0,0.3,1.0,False,False,True,14,-0.01,True,4357.98354056678,0.7521943525908091,-4473.764093314283,-2.773542564801061,1767,5169,0.5903614457831325
3,75,0.75,1.05,0.2,50.0,20000.0,8.0,-15.0,0.2,1.0,True,True,True,45,-0.03,False,4223.121985304259,1.5715103478859649,-1497.0160912045967,-1.7245397092960875,1972,19799,0.7751004016064257
21,45,0.85,1.1,0.15,1000.0,20000.0,0.5,-2.0,0.5,0.2,False,True,True,21,-0.0075,True,4175.859265455584,0.5341792389966278,-7617.245589645816,-3.9533785589452357,1317,1509,0.5381526104417671
21,45,0.85,1.1,0.08,1000.0,3000.0,0.3,-2.0,0.03,0.2,False,True,True,21,-0.0075,True,4175.859265455584,0.5341792389966278,-7617.245589645816,-3.9533785589452357,1317,1509,0.5381526104417671
14,45,0.95,1.2,0.05,1000.0,50000.0,5.0,-0.3,0.03,2.0,True,True,True,45,-0.02,False,4087.4947553604607,0.6079536943882476,-4624.486048529823,-11.690206607819603,1655,2034,0.6265060240963856
14,45,0.95,1.2,0.05,1000.0,50000.0,5.0,-0.3,0.5,0.05,True,True,True,45,-0.02,False,4087.4947553604607,0.6079536943882476,-4624.486048529823,-11.690206607819603,1655,2034,0.6265060240963856
3,75,0.8,1.05,0.2,200.0,20000.0,3.0,-15.0,0.2,1.0,False,True,True,45,-0.03,True,4083.2216775949555,0.7505374521290463,-3004.387787087596,-1.5555590518150844,1968,15915,0.7831325301204819
7,90,0.95,1.1,0.1,25.0,10000.0,12.0,-8.0,0.05,0.2,True,True,False,30,-0.03,False,3997.9465602564737,0.4684002180104622,-4505.399285189156,-0.6052155967494037,718,12455,0.5180722891566265
14,30,0.9,1.3,0.2,1000.0,3000.0,8.0,-30.0,0.05,2.0,False,True,False,21,0.0,True,3918.836758623797,0.7077462612022908,-6874.204866581633,-1.4923601281785213,843,976,0.37751004016064255
21,30,0.8,1.05,0.12,50.0,20000.0,0.5,-12.0,0.2,0.5,False,False,False,21,-0.0125,True,3895.0055507538355,0.4571639058843431,-6348.3883221405495,-26.68753061496006,1646,2750,0.5742971887550201
5,30,0.9,1.3,0.1,50.0,10000.0,0.3,-12.0,0.3,1.0,False,False,True,60,-0.015,True,3885.5227468107832,1.0823564416477718,-1838.259181402424,-12.487998456523352,1870,13321,0.678714859437751
5,30,0.9,1.3,0.1,50.0,1000.0,0.3,-12.0,0.3,0.2,False,False,True,60,-0.015,True,3885.5227468107832,1.0823564416477718,-1838.259181402424,-12.487998456523352,1870,13321,0.678714859437751
5,30,0.9,1.3,0.1,50.0,10000.0,0.3,-12.0,0.1,1.0,False,False,True,60,-0.015,True,3885.5227468107832,1.0823564416477718,-1838.259181402424,-12.487998456523352,1870,13321,0.678714859437751
5,75,0.8,1.1,0.08,50.0,20000.0,1.0,-12.0,0.03,0.2,True,True,True,21,-0.01,False,3854.744703464402,0.9221571929759781,-2736.5235169730327,-2.212925271529231,1664,17611,0.6224899598393574
21,90,0.75,1.05,0.08,25.0,3000.0,5.0,-15.0,0.03,0.5,False,True,True,21,-0.03,True,3782.8165079095884,0.508527568988862,-4270.36803763272,-7.797535560453434,1962,7925,0.6666666666666666
21,30,0.75,1.05,0.12,50.0,20000.0,0.5,-12.0,0.2,0.5,False,False,True,21,-0.0125,True,3752.7354825635884,0.46829324714916337,-6387.18447079058,-28.078881549537986,1654,2796,0.5742971887550201
21,30,0.75,1.05,0.12,50.0,20000.0,0.5,-12.0,0.2,0.5,False,False,True,60,-0.0125,True,3752.7354825635884,0.46829324714916337,-6387.18447079058,-28.078881549537986,1654,2796,0.5742971887550201
14,45,0.8,1.3,0.03,200.0,1000.0,2.0,-3.0,0.2,0.05,False,False,False,7,-0.0125,True,3732.373068930965,0.35001606757188547,-8381.547712691328,-285.4565736489551,1996,6016,0.5502008032128514
14,45,0.8,1.3,0.03,200.0,5000.0,2.0,-3.0,1.0,0.05,False,False,False,7,-0.0125,True,3732.373068930965,0.35001606757188547,-8381.547712691328,-285.4565736489551,1996,6016,0.5502008032128514
14,45,0.8,1.3,0.03,200.0,1000.0,2.0,-3.0,0.2,1.0,False,False,False,7,-0.0125,True,3732.373068930965,0.35001606757188547,-8381.547712691328,-285.4565736489551,1996,6016,0.5502008032128514
14,45,0.8,1.3,0.03,200.0,1000.0,2.0,-3.0,0.2,0.1,False,True,False,7,-0.0125,True,3732.373068930965,0.35001606757188547,-8381.547712691328,-285.4565736489551,1996,6016,0.5502008032128514
14,45,0.8,1.3,0.03,200.0,1000.0,2.0,-3.0,1.0,0.05,False,True,True,60,-0.0125,True,3732.373068930965,0.35001606757188547,-8381.547712691328,-285.4565736489551,1996,6016,0.5502008032128514
7,60,0.95,1.05,0.05,25.0,10000.0,3.0,-8.0,0.5,2.0,False,True,False,14,-0.03,True,3690.155031352162,0.3760231586237633,-8252.725358906126,-26.660791095828294,2021,12244,0.6746987951807228
14,120,0.95,1.05,0.03,50.0,3000.0,5.0,-10.0,0.1,0.2,False,True,True,60,0.0,True,3605.5538656797116,0.6516106494970257,-4134.376691596637,-2.1971751212849293,1135,3509,0.3855421686746988
14,120,0.95,1.05,0.03,50.0,0.0,5.0,-10.0,0.1,0.3,False,True,True,60,0.0,True,3605.5538656797116,0.6516106494970257,-4134.376691596637,-2.1971751212849293,1135,3509,0.3855421686746988
7,90,0.95,1.1,0.2,25.0,10000.0,12.0,-8.0,1.0,0.1,True,True,False,30,-0.0075,False,3578.8350037114737,0.4050225113736319,-5616.748264400056,-0.6903128645655595,633,11031,0.4859437751004016
7,90,0.95,1.1,0.2,25.0,5000.0,12.0,-8.0,1.0,0.5,True,True,False,30,-0.0075,False,3578.8350037114737,0.4050225113736319,-5616.748264400056,-0.6903128645655595,633,11031,0.4859437751004016
7,90,0.95,1.1,0.2,25.0,10000.0,12.0,-8.0,0.5,0.1,True,True,False,30,-0.0075,False,3578.8350037114737,0.4050225113736319,-5616.748264400056,-0.6903128645655595,633,11031,0.4859437751004016
14,45,0.85,1.2,0.05,1000.0,50000.0,5.0,-0.3,0.03,2.0,False,True,True,45,-0.02,True,3567.190796389723,0.3740663078395432,-8807.91759282639,-28.386310409469935,1845,2597,0.6506024096385542
21,75,0.95,1.15,0.08,1000.0,3000.0,0.3,-30.0,0.1,2.0,False,True,True,60,-0.0125,True,3565.2887355788944,0.44419653793522534,-9146.557566880072,-10.151814608207705,1414,1627,0.5823293172690763
14,75,0.75,1.05,0.15,1000.0,10000.0,0.1,-10.0,1.0,2.0,True,False,False,7,-0.02,False,3524.4255428710026,1.0257613856139698,-2929.56829426725,-10.202611307594264,710,3137,0.606425702811245
14,75,0.75,1.05,0.03,1000.0,50000.0,0.1,-10.0,1.0,0.5,True,False,False,45,-0.02,False,3524.4255428710026,1.0257613856139698,-2929.56829426725,-10.202611307594264,710,3137,0.606425702811245
21,90,0.8,1.25,0.08,500.0,20000.0,3.0,-5.0,0.5,2.0,True,False,True,7,-0.02,False,3508.3768453537123,0.9680557776017298,-2877.33710402211,-7.963551574882859,783,3934,0.5502008032128514
10,60,0.9,1.3,0.05,200.0,20000.0,2.0,-6.0,0.3,0.1,True,True,True,21,-0.02,False,3406.239720757075,0.40074839689084907,-5612.187289661433,-1.2133749177627715,1494,8502,0.5943775100401606
5,30,0.75,1.3,0.1,50.0,10000.0,0.3,-12.0,0.2,1.0,True,False,True,60,-0.015,False,3330.065418865973,1.0119051665247338,-3081.6001859798957,-1.1495327747762707,1882,14321,0.6867469879518072
14,75,0.9,1.1,0.2,200.0,20000.0,0.3,-15.0,0.05,0.2,True,True,True,21,-0.0075,False,3229.4035507157446,1.2127609372353634,-3026.2849952361375,-4.585790722564171,989,6017,0.570281124497992
7,30,0.95,1.05,0.12,200.0,3000.0,10.0,-4.0,0.03,2.0,False,True,True,60,0.0,True,3218.485550347886,0.41447256267090044,-6275.065959902767,-5.206521755872916,1195,4158,0.46184738955823296
10,45,0.9,1.15,0.1,200.0,5000.0,15.0,-3.0,0.03,1.0,False,True,True,7,-0.015,True,3191.1180492377052,0.3089493388565141,-9798.009027818174,-11.285759462519483,2010,6448,0.5341365461847389
3,60,0.75,1.05,0.12,25.0,5000.0,0.05,-30.0,0.1,1.0,True,False,True,21,-0.0125,False,3190.7995050790964,1.2668421017718932,-1550.842548542641,-2.8470499333136443,1811,20557,0.7309236947791165
3,90,0.95,1.1,0.2,25.0,50000.0,12.0,-8.0,0.05,0.1,True,True,False,45,-0.0075,False,3173.161293164604,0.36273130845400264,-4857.050744650492,-1.0636941529517452,675,14490,0.5381526104417671
5,30,0.8,1.25,0.08,0.0,10000.0,2.0,-15.0,0.3,0.1,False,True,True,30,-0.015,True,3165.054180815793,1.6065467230291297,-1163.504445212601,-6.902456364564751,1850,15246,0.7188755020080321
10,75,0.95,1.1,0.05,1000.0,3000.0,12.0,-4.0,0.1,0.5,True,True,False,21,-0.0125,False,3085.9413039338965,0.7089293199102189,-4052.549775717686,-2.109198259885849,553,2625,0.4497991967871486
7,30,0.85,1.05,0.12,200.0,3000.0,8.0,-4.0,0.1,2.0,False,False,True,60,0.0,True,3011.9671970076984,0.3429731961293413,-6878.784595121092,-9.298331893058647,1227,5069,0.4578313253012048
3,30,0.85,1.3,0.03,25.0,20000.0,0.1,-10.0,0.3,1.0,False,True,True,60,-0.03,True,2980.93831423395,0.3837845320593309,-6700.308661440209,-2.0894096786674523,2035,15689,0.7309236947791165
21,120,0.85,1.3,0.1,200.0,10000.0,15.0,-20.0,0.1,0.05,True,False,False,60,-0.02,False,2674.945270055586,1.6728977946544497,-1154.8105021273577,-0.6864330820538188,653,4887,0.5341365461847389
14,90,0.9,1.3,0.1,100.0,20000.0,0.1,-8.0,0.3,0.3,True,False,True,21,-0.02,False,2674.1638706542017,0.5884372125933766,-2446.246593268513,-10.348271168209664,1221,9072,0.5542168674698795
21,30,0.75,1.25,0.03,1000.0,50000.0,8.0,-20.0,1.0,0.3,True,True,False,30,-0.0125,False,2639.8142485987714,1.0119066466204427,-3080.490771333047,-39.925459603849525,423,887,0.3092369477911647
14,60,0.85,1.2,0.2,200.0,1000.0,0.05,-4.0,0.5,1.0,False,True,True,45,-0.0125,True,2618.8595127253175,0.211950045789618,-9626.04155252458,-0.9941236426916813,2017,6842,0.5662650602409639
14,120,0.85,1.1,0.12,200.0,1000.0,3.0,-15.0,0.2,0.1,False,True,False,14,-0.03,True,2591.493561939167,0.43021989211226597,-8079.161815065479,-9.657327414969389,1960,7904,0.6947791164658634
14,45,0.75,1.3,0.15,50.0,5000.0,20.0,-12.0,0.03,1.0,True,False,True,45,-0.01,False,2537.6422929067367,0.5764545976769381,-2786.5117117818245,-0.9559983327601179,1798,6250,0.5863453815261044
14,75,0.95,1.3,0.2,200.0,3000.0,0.5,-12.0,0.5,0.2,True,True,True,45,-0.03,False,2521.3513216003153,0.39739983156682024,-4576.187285832444,-3.8814141917917246,1793,5917,0.6265060240963856
21,90,0.85,1.15,0.05,200.0,20000.0,0.5,-15.0,0.3,0.3,False,True,False,60,-0.03,True,2475.278757721444,0.4024104401586173,-5669.929137074052,-1.059487862161561,1963,5942,0.6586345381526104
14,60,0.75,1.05,0.08,500.0,20000.0,3.0,-6.0,0.2,0.3,False,True,False,14,-0.015,True,2407.2161363054647,0.2735396663738224,-9745.744002988256,-1.3482319490113543,1881,4167,0.6305220883534136
7,60,0.95,1.05,0.05,25.0,10000.0,8.0,-8.0,0.5,2.0,True,False,False,14,-0.03,False,2397.1696362086295,1.0483164427462033,-999.5021696781746,-9.509164764424453,634,11413,0.5983935742971888
3,75,0.75,1.2,0.08,25.0,10000.0,5.0,-30.0,0.5,0.1,True,False,False,30,-0.0125,False,2395.951886028231,1.0992796420363753,-378.25297321612175,-2.2534201422180185,670,21737,0.6345381526104418
10,60,0.95,1.1,0.08,100.0,5000.0,20.0,-5.0,0.05,0.5,False,True,False,14,0.0,True,2384.5183730831704,0.21353449302113908,-9220.989974343105,-0.934114830612981,1315,3806,0.41767068273092367
7,30,0.8,1.25,0.08,100.0,3000.0,8.0,-12.0,0.05,2.0,True,True,True,30,-0.015,False,2290.0923686750107,0.6971875142018541,-1918.658150638403,-3.119398565322214,1876,10328,0.6506024096385542
21,30,0.75,1.05,0.12,50.0,20000.0,0.5,-12.0,0.2,0.5,True,False,True,21,-0.0125,False,2226.909946925633,0.5271061217745325,-3780.444527005163,-2.299695594191448,1107,2796,0.5742971887550201
14,90,0.9,1.25,0.2,1000.0,5000.0,8.0,-12.0,0.3,0.2,True,True,False,30,-0.0125,False,2181.3186323991767,0.8531230751622899,-1796.7872917562247,-1.7167589070293292,600,2778,0.5301204819277109
10,60,0.95,1.2,0.03,200.0,3000.0,12.0,-12.0,0.03,0.5,True,False,False,45,-0.015,False,2022.5952695947467,0.8804806761701842,-1379.0670677749083,-3.9451733220147855,582,5949,0.5060240963855421
14,60,0.8,1.2,0.2,200.0,10000.0,8.0,-4.0,0.3,1.0,False,True,True,45,-0.0125,True,1997.8527203406557,0.15347519059090275,-10445.036780922579,-1.28042364882684,2026,6490,0.5662650602409639
7,60,0.95,1.05,0.05,25.0,10000.0,8.0,-8.0,0.5,2.0,True,False,False,14,-0.015,False,1920.7641284636538,0.8998253778075924,-1101.664653759604,-6.400383331507984,596,10937,0.570281124497992
14,90,0.9,1.25,0.12,1000.0,10000.0,0.5,-3.0,0.3,0.05,True,True,False,30,-0.02,False,1899.1583657229298,0.2867253321335185,-4981.80582879794,-1.232432042140199,707,3251,0.5461847389558233
7,75,0.8,1.15,0.12,1000.0,0.0,0.5,-20.0,0.1,2.0,True,True,True,45,-0.02,False,1885.0203915912948,1.1672990088474444,-936.8209979688136,-2.529529495649526,1867,19291,0.7309236947791165
7,30,0.8,1.05,0.15,200.0,3000.0,5.0,-4.0,0.05,2.0,False,True,True,60,-0.01,True,1824.61859948459,0.20213577957154652,-8046.969479094349,-7.307354630120617,1849,8174,0.6024096385542169
10,30,0.85,1.3,0.08,200.0,0.0,20.0,-12.0,0.1,0.05,True,False,False,60,-0.03,False,1762.7419743338119,0.6758696320125762,-1121.7733945215637,-2.6369635939787637,719,7645,0.6024096385542169
14,90,0.9,1.25,0.12,1000.0,50000.0,8.0,-15.0,0.3,0.2,True,True,False,30,-0.02,False,1747.7907764649176,0.7099110678462162,-1630.5413372558555,-282.9175831284867,615,2915,0.5622489959839357
14,120,0.95,1.05,0.03,50.0,3000.0,5.0,-10.0,0.1,0.2,True,True,False,60,0.0,False,1698.2695752581576,1.0043041253658151,-1097.1253021093332,-1.270089139761795,397,3509,0.3493975903614458
14,30,0.75,1.05,0.15,50.0,20000.0,0.5,-5.0,0.2,0.5,False,False,True,21,-0.0125,True,1574.6542909768486,0.17335444518143517,-10472.86619726837,-9.445764890931622,1945,5207,0.5903614457831325
14,45,0.95,1.2,0.05,1000.0,50000.0,10.0,-0.3,0.03,2.0,True,True,True,45,-0.02,False,1533.0779101969492,0.23091111468878292,-6452.8620325041475,-17.80153768824604,1612,1913,0.6104417670682731
14,30,0.75,1.1,0.12,0.0,50000.0,15.0,-30.0,0.2,2.0,True,True,False,45,-0.03,False,1480.9630371351607,0.725645299579394,-1592.138263196905,-0.6918402851626321,914,5445,0.6506024096385542
3,45,0.85,1.3,0.15,0.0,10000.0,10.0,-12.0,0.3,0.5,True,False,True,30,-0.02,False,1476.4637101353387,0.3293800254595244,-3551.9256125645034,-0.8565835802351214,1933,19744,0.6746987951807228
10,120,0.95,1.2,0.1,1000.0,0.0,0.3,-10.0,0.3,0.3,True,True,True,30,-0.0075,False,1459.0935956995775,0.12310741747153868,-14215.54472241035,-45.76669310207819,1382,11233,0.570281124497992
10,75,0.95,1.3,0.12,50.0,20000.0,8.0,-15.0,1.0,0.05,True,False,False,45,-0.015,False,1408.2057463079432,1.6049861137712045,-552.8015823424544,-1.4461534429981326,522,8812,0.5100401606425703
21,60,0.9,1.2,0.1,1000.0,20000.0,2.0,-10.0,0.2,0.2,False,False,False,7,0.0,True,1405.3568409880709,0.23687472066467133,-6985.791271080918,-289.2047718172878,941,1146,0.3815261044176707
3,90,0.95,1.25,0.15,1000.0,50000.0,2.0,-12.0,0.1,0.3,True,True,True,30,-0.01,False,1353.9342214421217,0.23972469158105775,-4009.039771988173,-2.334220540279623,1658,6518,0.6144578313253012
5,30,0.9,1.3,0.1,50.0,5000.0,0.3,-12.0,0.3,1.0,True,True,False,45,-0.015,False,1292.8002763348445,0.5556296891713739,-1020.9654376435185,-2.29033536996379,552,13321,0.6265060240963856
14,90,0.9,1.2,0.2,200.0,20000.0,0.5,-15.0,0.03,0.5,False,True,True,7,-0.02,True,1288.504973430864,0.2068581984723512,-9032.92217034275,-5.5998974526369745,1925,7268,0.6546184738955824
21,75,0.8,1.05,0.1,1000.0,3000.0,0.1,-4.0,1.0,0.05,True,True,False,45,-0.01,False,1164.3974743500603,0.23048504305175246,-6567.357940706343,-138.92671349108434,662,2058,0.5020080321285141
3,90,0.95,1.25,0.15,1000.0,50000.0,2.0,-8.0,0.03,1.0,True,True,True,30,-0.03,False,1019.2884369098037,0.1344275928869256,-5960.464807677012,-2.115148864650875,1883,7408,0.6867469879518072
21,30,0.8,1.2,0.08,500.0,10000.0,15.0,-30.0,1.0,1.0,True,True,True,21,0.0,False,1014.295439546815,0.490578364505924,-2702.8253689634525,-7.237390920623811,418,771,0.26907630522088355
5,120,0.95,1.3,0.2,50.0,3000.0,0.1,-15.0,0.3,0.2,False,False,True,30,-0.015,True,1011.5678915101041,0.36016723780849363,-2404.408141835812,-2.581001031179478,1848,16008,0.6746987951807228
21,120,0.8,1.1,0.1,500.0,50000.0,0.05,-12.0,0.3,0.05,True,True,True,21,-0.015,False,906.8678355003353,0.28090339197799724,-3564.0864910973887,-27.284170165335798,760,4020,0.5662650602409639
21,75,0.8,1.05,0.15,50.0,5000.0,1.0,-30.0,0.3,0.3,True,False,True,7,-0.03,False,882.751869271784,0.42635593238434516,-1523.9442833479598,-1.9886916398482455,829,7161,0.6024096385542169
10,75,0.9,1.25,0.15,50.0,1000.0,2.0,-20.0,0.5,0.05,True,True,False,21,-0.0075,False,870.8841660717744,1.303966735740718,-532.328999468589,-5.924573602845897,492,10568,0.5220883534136547
14,45,0.85,1.05,0.15,500.0,10000.0,8.0,-15.0,0.03,0.1,True,False,True,60,-0.015,False,840.6511356350738,0.15849575032499055,-6053.842736880531,-31.893507276571533,1793,3322,0.6385542168674698
21,120,0.9,1.05,0.1,1000.0,3000.0,1.0,-5.0,0.05,0.3,True,False,True,21,-0.015,False,824.132168742276,0.2174408482923919,-5045.927421938697,-22.652303206679182,658,2102,0.5020080321285141
10,30,0.95,1.25,0.2,100.0,20000.0,0.1,-8.0,0.05,0.5,False,False,True,60,-0.015,True,757.9216932665595,0.07637422364935086,-7753.266682173206,-3.031224457446355,1877,5891,0.6104417670682731
10,60,0.9,1.1,0.1,200.0,10000.0,0.5,-12.0,0.3,0.2,True,False,True,7,-0.015,False,756.1421701047923,0.30108165449950064,-2085.1682641817147,-2.4536468155296824,565,7975,0.5100401606425703
7,75,0.95,1.2,0.12,50.0,20000.0,0.1,-30.0,0.5,0.2,True,True,True,60,-0.005,False,747.6494590449913,0.2566313276316438,-2097.348971201852,-6.176345861547048,1565,11177,0.5742971887550201
14,120,0.95,1.15,0.15,25.0,1000.0,8.0,-12.0,1.0,0.2,False,False,True,21,-0.02,True,663.0163396259886,0.08056646851391137,-8007.026049457014,-1.369471518572745,1944,7794,0.6184738955823293
21,90,0.8,1.1,0.05,1000.0,1000.0,0.05,-0.5,0.2,2.0,False,False,False,7,-0.015,True,633.2962478474146,0.05843626845689842,-10640.301896996409,-16.26340728999752,1827,2533,0.5823293172690763
7,60,0.95,1.05,0.05,25.0,10000.0,8.0,-15.0,0.5,0.1,True,True,True,14,-0.03,False,573.3256330297759,0.12143160840089072,-6038.966366773201,-9.152132545549478,1728,11346,0.678714859437751
5,120,0.95,1.25,0.05,25.0,20000.0,20.0,-10.0,0.03,1.0,True,True,False,7,-0.005,False,560.6220253291754,0.05618860755391059,-12135.577216515057,-8.652879339165144,476,11093,0.5100401606425703
21,30,0.85,1.3,0.08,200.0,0.0,20.0,-12.0,0.1,0.05,True,False,False,7,-0.03,False,532.3319551691445,0.14319012386480137,-2679.9112686766202,-1.2219573486798423,995,2619,0.5301204819277109
7,60,0.75,1.2,0.03,50.0,0.0,0.1,-15.0,1.0,1.0,True,True,True,30,0.0,False,467.6483822260012,0.48456952317932966,-1101.1242597695164,-54.48770828644181,1049,8774,0.40562248995983935
10,45,0.9,1.25,0.08,200.0,5000.0,20.0,-8.0,0.05,0.05,False,False,True,7,-0.03,True,447.4327241504757,0.05510489246998279,-7108.384169000883,-2.0082724627176756,2023,6237,0.5903614457831325
14,60,0.95,1.2,0.12,50.0,3000.0,0.1,-15.0,0.05,0.2,True,False,True,21,-0.005,False,432.9882048786259,0.1733142319954546,-1929.2919519038978,-4.070353205275947,991,6082,0.5060240963855421
7,60,0.95,1.3,0.03,1000.0,20000.0,5.0,-20.0,0.05,0.3,True,True,False,60,-0.0125,False,392.0974788185505,0.1677183455549936,-2657.033325954616,-1.530960387130267,542,4139,0.5261044176706827
14,75,0.75,1.25,0.15,25.0,5000.0,10.0,-30.0,0.3,0.5,True,True,False,14,-0.005,False,368.12010579176797,0.5681509001689148,-479.20327326632764,-1.0107406376705037,543,8497,0.4979919678714859
3,45,0.9,1.25,0.2,200.0,0.0,8.0,-20.0,0.1,0.05,True,True,False,30,-0.0075,False,364.076429353575,0.836646857373452,-514.2522336597544,-2.678500974808934,605,16949,0.5662650602409639
3,75,0.75,1.05,0.2,100.0,20000.0,8.0,-10.0,0.2,1.0,False,True,False,45,-0.005,True,349.3258580192223,0.045256257986761556,-5490.502532533451,-5.337880808319652,1701,14942,0.5943775100401606
14,75,0.95,1.1,0.05,200.0,1000.0,8.0,-12.0,0.2,1.0,True,True,True,14,-0.0125,False,277.51723891795655,0.09283196700617734,-2876.2345356102364,-4.445294679177525,752,4769,0.5421686746987951
10,90,0.9,1.15,0.1,200.0,5000.0,0.1,-6.0,0.3,0.3,True,False,True,14,-0.02,False,274.0368241794944,0.06180963436081017,-4002.814141138554,-29.67111828019138,1173,9322,0.5662650602409639
3,120,0.8,1.1,0.03,25.0,3000.0,8.0,-15.0,0.1,0.2,False,True,False,45,-0.03,True,240.89123947846338,0.08697681457111966,-3111.171722497053,-7.614928349744614,1970,19686,0.8032128514056225
21,90,0.85,1.05,0.1,50.0,20000.0,1.0,-12.0,0.03,0.05,False,True,False,30,0.0,True,235.5970047313508,0.033126844288317504,-7961.109301974083,-4.824620665269886,1190,4283,0.40963855421686746
3,60,0.95,1.2,0.1,50.0,0.0,0.5,-12.0,1.0,0.3,True,True,True,30,0.0,False,226.5749686888879,0.07176187108496931,-3198.4256095245782,-1.8731610628938813,1070,10888,0.43373493975903615
10,30,0.9,1.1,0.08,0.0,50000.0,12.0,-12.0,0.3,0.2,False,False,False,7,-0.0125,True,210.37942062284355,0.0417218706342505,-4867.796385468396,-12.75115441940246,1842,7309,0.5983935742971888
14,45,0.9,1.3,0.15,100.0,0.0,3.0,-20.0,0.3,0.05,False,True,True,14,0.0,True,115.8312244347976,0.02305118980297969,-5263.747387264418,-7.744370131563925,1136,4828,0.3815261044176707
21,30,0.75,1.05,0.12,50.0,20000.0,20.0,-12.0,0.3,0.5,True,False,True,21,-0.0125,False,89.62186809570744,0.027990758151372235,-2608.987731434827,-5.235816147885769,989,2157,0.5220883534136547
21,30,0.85,1.1,0.1,500.0,3000.0,20.0,-0.5,0.1,2.0,True,False,True,14,-0.02,False,76.83705400432154,0.032868912153727906,-2646.0826164436285,-21.746259846427627,559,1194,0.40160642570281124
14,45,0.95,1.15,0.2,0.0,10000.0,3.0,-12.0,0.05,0.1,True,True,False,30,-0.0125,False,57.41471014106099,0.018006977349210616,-4371.0150967509,-1.2365938854002716,688,6495,0.4979919678714859
5,120,0.95,1.05,0.03,50.0,3000.0,2.0,-10.0,0.05,0.2,False,True,True,60,0.0,True,30.68839126243347,0.005255835982954959,-5906.623626448827,-13.703081683966301,1147,7813,0.43775100401606426
21,45,0.85,1.15,0.1,500.0,5000.0,0.05,-8.0,0.1,2.0,True,False,True,30,-0.0125,False,-38.7467586001444,-0.010262602389150024,-5068.295895087323,-8.852345503303008,1346,2550,0.5261044176706827
7,90,0.75,1.25,0.03,1000.0,0.0,0.1,-30.0,0.2,0.5,True,False,True,30,-0.0075,False,-43.51013616235082,-0.030332027121070894,-1448.1473547514775,-44.30405270778197,1537,14495,0.606425702811245
21,60,0.75,1.05,0.12,1000.0,5000.0,12.0,-1.0,0.2,0.3,True,True,False,60,-0.01,False,-59.48866267105359,-0.010003154059571641,-8321.765042554985,-125.00586597900624,641,1661,0.4819277108433735
5,30,0.95,1.3,0.1,100.0,10000.0,0.3,-20.0,0.3,1.0,False,False,False,60,-0.015,True,-91.71973141078297,-0.02331903076133898,-3627.1271803474256,-7.449827659253393,1848,10827,0.6586345381526104
10,90,0.85,1.1,0.15,25.0,0.0,10.0,-30.0,0.5,2.0,True,False,True,7,-0.0075,False,-96.65380658028153,-0.0731649932719131,-1779.1699818739908,-1.6233601684842172,503,11639,0.5261044176706827
21,75,0.9,1.15,0.15,200.0,0.0,1.0,-15.0,0.2,0.1,True,True,True,30,-0.02,False,-101.462134507688,-0.035387867713037854,-2398.00476305298,-59.55221126337723,1226,7990,0.642570281124498
5,90,0.95,1.25,0.15,1000.0,1000.0,2.0,-8.0,0.03,0.05,True,True,True,30,-0.03,False,-104.12165197193463,-0.012719578316750699,-6354.66022919191,-2.557667527247327,1818,5989,0.6586345381526104
10,90,0.95,1.15,0.03,200.0,5000.0,12.0,-4.0,0.1,0.3,False,False,True,60,-0.01,True,-109.624324474079,-0.007098054060024285,-12742.155277572747,-2.9664049910948345,1967,6103,0.5381526104417671
10,120,0.8,1.25,0.15,200.0,1000.0,15.0,-20.0,0.5,2.0,True,True,False,21,-0.01,False,-111.47453318709017,-0.1139722767766779,-584.8189860834532,-3.5545296188790987,519,8015,0.5220883534136547
3,75,0.75,1.1,0.08,50.0,20000.0,1.0,-30.0,0.03,1.0,True,False,True,21,-0.01,False,-125.77500024187748,-0.08381673891138276,-2192.936477886398,-7.752930147551537,1633,19883,0.6907630522088354
7,30,0.75,1.15,0.12,50.0,10000.0,0.5,-6.0,0.2,2.0,False,True,False,14,0.0,True,-131.59647485127698,-0.011755013103135738,-6425.86923715639,-96.55228508013383,1350,7461,0.46987951807228917
7,30,0.8,1.05,0.12,200.0,3000.0,0.1,-4.0,0.03,2.0,False,True,True,60,-0.005,True,-173.222431662879,-0.01924667652183062,-8487.440367385041,-12.145493067558743,1689,7541,0.5502008032128514
5,45,0.9,1.05,0.03,200.0,3000.0,2.0,-10.0,0.5,0.2,True,True,True,7,0.0,False,-235.15023563342652,-0.07552879715933994,-4273.934644610938,-438.42949650514186,722,6953,0.43775100401606426
21,120,0.75,1.3,0.1,0.0,10000.0,8.0,-15.0,0.03,0.3,False,True,False,14,-0.0075,True,-247.78562432332728,-0.13398983654111354,-2921.273943807114,-184.78361744624146,1711,9057,0.5461847389558233
14,60,0.8,1.2,0.12,50.0,20000.0,5.0,-30.0,1.0,0.1,False,True,True,7,-0.02,True,-273.4645218444264,-0.05777029038545587,-3664.3158073799923,-7.397680499255832,1927,9336,0.678714859437751
21,60,0.9,1.25,0.2,200.0,5000.0,1.0,-15.0,1.0,0.1,True,False,False,60,0.0,False,-290.5440764313626,-0.2005673307619658,-1654.0859553305836,-12.194990008269434,451,2728,0.2891566265060241
5,90,0.95,1.2,0.08,0.0,10000.0,3.0,-30.0,0.2,0.1,True,False,False,21,-0.015,False,-351.4317548301969,-0.5440757240025379,-711.1306117648343,-3.880151162750121,468,16370,0.5783132530120482
14,90,0.9,1.25,0.12,100.0,10000.0,10.0,-3.0,0.05,0.2,True,True,True,30,-0.02,False,-385.6201771126234,-0.027528916586460048,-8631.869904206958,-1.3365755732918445,1880,8101,0.5220883534136547
3,60,0.75,1.15,0.2,500.0,20000.0,8.0,-6.0,0.03,0.3,True,False,False,60,-0.0075,False,-396.59182235669437,-0.13355331308958984,-3502.08378645176,-5.789300376883675,624,10024,0.4939759036144578
5,45,0.95,1.2,0.2,25.0,20000.0,8.0,-15.0,0.03,0.2,True,True,False,7,-0.015,False,-508.9155632208685,-0.6093891876691117,-968.6321584863723,-5.214161837255137,496,13397,0.5983935742971888
21,60,0.75,1.3,0.05,25.0,50000.0,5.0,-15.0,1.0,0.3,True,False,True,60,-0.02,False,-557.6422550380976,-0.1705941312379225,-4134.230005500486,-4.76650768159875,1929,7426,0.6626506024096386
14,30,0.9,1.3,0.2,1000.0,50000.0,12.0,-30.0,0.05,2.0,True,True,False,21,0.0,False,-574.4098833008419,-0.2338736192159786,-2254.9338919791317,-3.6866745491477038,359,946,0.27710843373493976
21,90,0.95,1.2,0.15,500.0,20000.0,0.05,-12.0,0.05,0.5,False,True,True,7,-0.0125,True,-586.8857784586307,-0.06671525487344146,-13036.6245936064,-8.96075740729386,1746,2735,0.5341365461847389
14,120,0.95,1.3,0.15,25.0,5000.0,15.0,-30.0,0.1,2.0,True,False,False,7,-0.02,False,-592.1479466254098,-0.5323082441151589,-1380.012649181415,-6.405667555267811,590,6813,0.5100401606425703
14,60,0.9,1.2,0.2,200.0,10000.0,8.0,-0.3,0.3,1.0,False,True,False,45,-0.0125,True,-613.8409014251656,-0.04161121398769647,-11543.96218703235,-1.157195235394302,2150,6024,0.5662650602409639
10,60,0.95,1.15,0.2,100.0,20000.0,10.0,-8.0,0.05,0.5,False,True,False,14,-0.005,True,-677.6826672358011,-0.06024769122497811,-8710.707487122734,-1.341130202542097,1669,6367,0.5020080321285141
21,60,0.8,1.3,0.1,0.0,3000.0,0.1,-15.0,0.1,0.2,False,True,False,45,0.0,True,-685.6140389675988,-0.1660364620464387,-4197.0549108201585,-16.409843567858253,1137,4985,0.40160642570281124
14,60,0.95,1.25,0.05,1000.0,1000.0,12.0,-0.1,1.0,0.3,True,False,False,45,0.0,False,-708.8807987143521,-0.3091174782392028,-2314.9708035741496,-1.441370531271212,332,1247,0.26104417670682734
14,90,0.85,1.15,0.03,1000.0,3000.0,10.0,-12.0,0.5,0.3,True,True,False,45,-0.03,False,-740.0076297014962,-0.23793814901486407,-3672.6818296001493,-4.460894701069527,669,3090,0.5662650602409639
7,90,0.75,1.05,0.03,200.0,0.0,10.0,-20.0,0.05,0.3,True,True,True,30,-0.015,False,-777.5269568354936,-0.2992230396794883,-3483.7295767908613,-41.725460917315644,1774,13204,0.6546184738955824
3,90,0.95,1.25,0.15,1000.0,20000.0,0.5,-8.0,0.03,0.05,True,True,True,30,-0.01,False,-812.3962831340195,-0.11026781810079798,-5425.852935348327,-3.166436482671027,1684,6565,0.6144578313253012
3,120,0.9,1.1,0.03,25.0,10000.0,3.0,-12.0,0.03,0.2,True,False,True,45,-0.0075,False,-829.7942282550591,-0.27674457397303115,-2894.086370255476,-7.813074807452374,1719,16636,0.6184738955823293
10,30,0.75,1.15,0.08,500.0,10000.0,15.0,-5.0,0.03,2.0,True,True,False,45,-0.01,False,-849.6048123121436,-0.1631783838699805,-3530.7601664819917,-9.364536570143422,758,3441,0.5220883534136547
3,120,0.95,1.05,0.03,50.0,3000.0,5.0,-10.0,0.2,0.2,False,True,True,60,0.0,True,-863.1141685539028,-0.15547249471425434,-6291.224203598546,-9.329841424910008,1147,8585,0.44176706827309237
21,120,0.9,1.3,0.03,0.0,1000.0,2.0,-5.0,1.0,0.05,False,False,True,30,-0.0125,True,-900.2412452080798,-0.06398823911962268,-8884.099331030688,-1.7017576008370972,2193,7190,0.5220883534136547
10,30,0.9,1.15,0.2,100.0,10000.0,3.0,-6.0,0.3,0.05,True,False,True,45,-0.02,False,-927.9363106579958,-0.16334447920692866,-5870.749681773014,-8.38349160254081,2011,7059,0.6224899598393574
10,120,0.8,1.2,0.08,50.0,50000.0,5.0,-30.0,0.3,0.5,True,False,True,60,-0.01,False,-1040.3856720771837,-0.47893276161559123,-2730.812799807881,-43.76485575124793,1693,12723,0.6305220883534136
7,60,0.9,1.2,0.08,100.0,20000.0,0.5,-8.0,0.3,0.05,False,False,False,45,-0.015,True,-1095.7581339275066,-0.09661558411137375,-6625.285887457592,-2.440101470192443,2004,13335,0.5863453815261044
7,30,0.85,1.15,0.03,0.0,50000.0,15.0,-20.0,0.3,0.5,True,False,False,30,-0.0075,False,-1100.475048633924,-0.6329100744285455,-2228.3560983956627,-10.437823422975118,539,8901,0.5502008032128514
21,75,0.85,1.25,0.05,500.0,1000.0,8.0,-2.0,0.05,0.1,True,False,True,14,-0.03,False,-1110.8853403161083,-0.2860607903478466,-3978.395235176205,-0.0,839,3420,0.5220883534136547
21,120,0.85,1.15,0.15,50.0,50000.0,3.0,-8.0,0.05,2.0,False,True,False,60,-0.0075,True,-1161.6824991765873,-0.09533849972562047,-9352.170602038172,-2.839224558567361,1989,7907,0.5301204819277109
10,90,0.75,1.1,0.12,1000.0,50000.0,1.0,-5.0,0.05,0.2,False,True,False,45,-0.015,True,-1190.0627032775983,-0.1357465561906003,-8142.0558610531825,-130.23539359291166,1913,4082,0.5783132530120482
21,90,0.9,1.15,0.1,100.0,50000.0,20.0,-6.0,0.05,1.0,True,True,True,7,-0.03,False,-1210.0356798829412,-0.15312860836539346,-5308.194087310267,-5.167343118956412,879,4805,0.5020080321285141
14,30,0.85,1.1,0.1,25.0,1000.0,3.0,-5.0,1.0,0.3,False,True,True,30,-0.0075,True,-1345.1708968995626,-0.1079556564809756,-13216.317090597651,-12.012112160652746,1897,5166,0.5180722891566265
7,75,0.75,1.1,0.03,50.0,50000.0,12.0,-15.0,0.3,0.05,False,False,False,21,-0.02,True,-1356.496280347357,-0.4913169600907839,-3987.451184593463,-93.62840545507198,1930,13868,0.6867469879518072
5,30,0.8,1.15,0.08,25.0,10000.0,12.0,-10.0,0.03,1.0,True,False,True,21,-0.01,False,-1368.831009607212,-0.35488002223012804,-4378.861622569997,-3.99578670032294,1724,13251,0.5783132530120482
7,30,0.9,1.05,0.12,500.0,3000.0,20.0,-4.0,0.03,2.0,False,True,True,60,0.0,True,-1371.2335994626142,-0.2082178246699418,-7925.049782654341,-10.91612644376467,1163,3049,0.42971887550200805
7,120,0.95,1.05,0.08,200.0,0.0,0.3,-6.0,0.3,0.1,True,True,False,7,0.0,False,-1479.8293517655786,-0.19246830154532507,-10265.159463690856,-17.582424544346683,793,8620,0.4497991967871486
7,75,0.75,1.05,0.2,100.0,3000.0,12.0,-15.0,0.5,2.0,True,False,False,14,-0.0125,False,-1602.325030126231,-1.2379604852499746,-2190.6473733863295,-420.03063629980136,650,12469,0.6104417670682731
14,90,0.75,1.1,0.15,100.0,3000.0,1.0,-20.0,0.3,1.0,True,False,True,30,-0.02,False,-1654.4681417167565,-0.4847521211738967,-4772.596149280322,-12.061379756486508,1461,9796,0.6706827309236948
14,45,0.95,1.1,0.08,100.0,5000.0,20.0,-20.0,0.05,0.5,False,True,True,60,-0.005,True,-1761.3576054035846,-0.26904549137591055,-7178.08809415577,-15.21923724362462,1555,3385,0.5180722891566265
14,90,0.9,1.15,0.15,500.0,1000.0,2.0,-10.0,0.5,0.1,True,True,True,7,-0.0075,False,-1799.7412505780255,-0.5600104274010853,-3993.5328273618998,-97.34979792013495,599,4170,0.5100401606425703
10,60,0.9,1.2,0.2,1000.0,10000.0,0.5,-6.0,0.3,1.0,False,True,True,45,-0.0125,True,-1805.4550956339936,-0.2654667577659231,-11055.208015720453,-0.0,1842,3433,0.5823293172690763
7,30,0.95,1.1,0.1,0.0,1000.0,1.0,-12.0,1.0,2.0,True,True,True,45,-0.01,False,-1841.9214635062622,-0.401380168526625,-4729.48602321516,-12.71450024428401,1755,9803,0.6265060240963856
5,30,0.9,1.15,0.15,50.0,20000.0,8.0,-8.0,0.03,0.5,True,True,True,7,-0.0075,False,-1882.3610629738791,-0.27201594942997864,-5248.43327299852,-2.087568631922455,1125,11882,0.570281124497992
5,120,0.95,1.15,0.1,1000.0,50000.0,0.1,-10.0,0.5,0.3,True,False,False,45,-0.02,False,-1896.3213565583715,-0.7005324418883367,-3340.023717751367,-3.812559656033791,508,5968,0.5140562248995983
21,60,0.8,1.2,0.1,25.0,50000.0,2.0,-12.0,0.3,0.3,True,True,True,45,-0.01,False,-1939.7227841298754,-0.37538895684736096,-6472.070551265152,-5.016501308250608,1649,7202,0.570281124497992
21,60,0.75,1.2,0.12,200.0,1000.0,20.0,-0.1,0.2,0.2,True,True,False,7,0.0,False,-1969.206522611088,-0.19456906690546305,-9785.345450758958,-1.4833653547544148,771,2624,0.42971887550200805
5,30,0.95,1.25,0.2,1000.0,3000.0,0.1,-8.0,0.05,0.1,False,False,False,60,0.0,True,-2023.6051027384929,-0.30969355524934,-8648.501983201759,-6.926068476379736,1133,2758,0.42168674698795183
10,60,0.75,1.15,0.12,100.0,0.0,0.1,-20.0,0.1,0.1,False,True,True,14,-0.03,True,-2056.6172499732934,-0.5521365252288347,-4584.092986459577,-38.08856827391409,1968,14839,0.7108433734939759
10,75,0.75,1.05,0.15,500.0,20000.0,0.05,-20.0,0.3,1.0,False,False,True,21,-0.01,True,-2076.0460144884446,-0.26932053195953887,-10764.826004339022,-10.617207216338128,1748,5297,0.5863453815261044
7,120,0.75,1.05,0.15,50.0,20000.0,0.1,-15.0,0.3,0.2,True,False,False,45,-0.03,False,-2078.2862326504564,-1.5501275699652097,-2665.1754915260312,-0.0,712,17692,0.6345381526104418
14,120,0.75,1.05,0.1,100.0,20000.0,1.0,-30.0,0.05,0.3,True,True,False,30,-0.01,False,-2083.4839827537676,-1.0148542210587754,-3292.15554773727,-19.729018912166335,716,8743,0.5461847389558233
21,30,0.9,1.25,0.12,1000.0,20000.0,15.0,-8.0,0.1,0.05,False,True,True,21,0.0,True,-2100.9483329217264,-0.5578256062184659,-6559.494574513912,-10.694622576263086,444,449,0.28112449799196787
21,45,0.8,1.3,0.12,100.0,20000.0,3.0,-20.0,0.1,0.5,False,False,True,14,-0.005,True,-2143.4013383641045,-0.3447827644967559,-5818.666564478957,-4.932676507355734,1590,4223,0.5060240963855421
14,45,0.95,1.3,0.2,200.0,50000.0,0.05,-6.0,0.03,1.0,False,False,False,21,-0.02,True,-2230.215100153108,-0.24054374478912538,-7518.475772745549,-37.070123556453495,1980,4871,0.5983935742971888
10,30,0.95,1.1,0.2,200.0,10000.0,10.0,-6.0,0.2,0.3,True,False,False,60,-0.03,False,-2318.053652347361,-0.7261247050209626,-4747.675183914362,-3.430239669994245,704,4835,0.5502008032128514
3,75,0.95,1.3,0.03,1000.0,10000.0,3.0,-3.0,0.5,2.0,True,False,True,14,-0.02,False,-2393.272028672451,-0.3978453375242758,-9011.20895275651,-4.284587819502994,1703,7222,0.6746987951807228
5,30,0.8,1.3,0.12,100.0,10000.0,5.0,-15.0,0.03,2.0,True,True,True,21,-0.005,False,-2406.1189599396366,-1.040877958588534,-3023.3600729679943,-138.3696824181759,1459,10892,0.5823293172690763
14,90,0.8,1.15,0.08,0.0,10000.0,3.0,-30.0,0.2,0.1,False,False,False,21,0.0,True,-2414.2308866831986,-0.6284052141773457,-4874.432431893739,-25.948796442642138,1136,7061,0.3895582329317269
10,30,0.8,1.25,0.03,0.0,50000.0,8.0,-8.0,0.2,0.2,False,True,False,7,-0.01,True,-2429.630726879497,-0.273845904470552,-6137.730193841309,-2.557697769513571,1834,6642,0.570281124497992
5,120,0.8,1.3,0.03,1000.0,20000.0,0.5,-5.0,0.2,0.2,True,False,False,14,-0.005,False,-2434.9771117985038,-0.9973379371538332,-3457.715005485456,-0.0,467,5959,0.4578313253012048
14,120,0.8,1.25,0.08,500.0,50000.0,0.3,-3.0,0.1,0.5,False,False,False,60,-0.015,True,-2443.732364006599,-0.23031647785628387,-8816.946317863598,-113.51078774363978,2042,5572,0.5582329317269076
10,45,0.75,1.25,0.2,25.0,50000.0,2.0,-12.0,0.3,0.3,True,True,False,30,-0.02,False,-2454.1776715307246,-0.5822416634563466,-4841.596139039625,-4.663849000456735,723,12157,0.5622489959839357
7,45,0.9,1.1,0.03,1000.0,50000.0,20.0,-12.0,0.05,2.0,False,True,False,7,-0.0125,True,-2481.0151346846624,-0.3116137574853206,-9616.317745293847,-4.880739142926058,1809,3890,0.6265060240963856
7,45,0.85,1.15,0.12,500.0,20000.0,0.1,-15.0,0.05,0.5,True,False,True,21,-0.02,False,-2482.928111374382,-0.5429930599296307,-6396.580369597584,-6.376393046274387,1595,7454,0.678714859437751
3,60,0.95,1.1,0.08,1000.0,50000.0,0.1,-1.0,0.3,0.5,True,False,False,14,0.0,False,-2486.673494871912,-1.1581111393684873,-3579.0022743822765,-6.941778431456518,378,4076,0.3333333333333333
14,90,0.75,1.1,0.15,1000.0,0.0,1.0,-20.0,0.3,1.0,False,False,True,30,-0.02,True,-2487.7730122256494,-0.4970153058572953,-7071.543191249537,-20.49991083877561,1925,12599,0.6947791164658634
21,45,0.85,1.1,0.15,500.0,20000.0,2.0,-2.0,0.03,0.2,False,True,True,21,-0.0075,True,-2512.346141322687,-0.31830625622729797,-9224.399673035228,-9.887879488650173,1627,2348,0.5421686746987951
7,90,0.9,1.2,0.08,1000.0,1000.0,20.0,-30.0,0.3,1.0,True,True,True,7,-0.0125,False,-2526.532557699558,-0.6896349575749428,-4539.966005983955,-4.340612710360749,768,4321,0.6144578313253012
7,90,0.95,1.25,0.05,1000.0,5000.0,10.0,-8.0,0.2,0.3,False,True,False,21,-0.015,True,-2580.6592249175396,-0.29845337563489893,-10683.262916295831,-2.9811077213221435,1860,4187,0.6144578313253012
7,45,0.75,1.15,0.15,500.0,50000.0,2.0,-12.0,0.3,0.3,True,True,False,45,-0.02,False,-2625.3775118024187,-0.8061254289058185,-3566.488005882219,-8.310828581256308,624,7598,0.5542168674698795
10,60,0.85,1.1,0.2,0.0,1000.0,0.05,-12.0,1.0,2.0,True,False,False,60,-0.0075,False,-2655.753598554664,-0.8204793483850125,-5188.484216918055,-3.2750782790213053,593,12191,0.4578313253012048
10,60,0.85,1.1,0.1,500.0,0.0,0.1,-30.0,0.05,1.0,True,True,True,45,-0.01,False,-2683.5250441089347,-0.5971937313082485,-5743.426987238872,-38.88500277118728,1715,12388,0.6265060240963856
21,90,0.75,1.3,0.1,0.0,5000.0,12.0,-12.0,0.1,0.1,False,False,True,30,-0.0075,True,-2724.153587663519,-0.30731130986487903,-10179.134428623882,-3.4403518745758186,1871,7890,0.4979919678714859
5,75,0.95,1.25,0.1,1000.0,50000.0,0.3,-8.0,0.3,0.2,False,False,True,14,-0.03,True,-2733.3482996037405,-0.2929194840324786,-8604.119975071928,-3.379199987861399,1993,5943,0.642570281124498
10,30,0.8,1.25,0.03,0.0,1000.0,8.0,-5.0,1.0,2.0,True,False,True,7,-0.0125,False,-2824.3321178649876,-0.714891743292231,-4792.74724737321,-20.610690011645005,784,7032,0.4819277108433735
10,30,0.8,1.3,0.2,50.0,10000.0,3.0,-8.0,0.5,0.5,True,False,True,21,-0.03,False,-2911.688612739916,-0.5337620525226967,-4487.263189466275,-58.65152637242652,1706,8586,0.6305220883534136
21,45,0.9,1.3,0.2,100.0,5000.0,0.1,-3.0,0.1,0.2,False,False,True,45,-0.01,True,-2919.977958099984,-0.2817709823904272,-10560.611248769601,-1.8207466664079297,1923,4509,0.5060240963855421
10,90,0.8,1.15,0.2,25.0,0.0,12.0,-30.0,0.05,2.0,False,False,False,21,-0.0075,True,-3024.33296145353,-0.837793572549792,-5004.013541051969,-65.30586684122885,1704,12158,0.5943775100401606
14,90,0.75,1.1,0.15,1000.0,3000.0,1.0,-0.1,0.05,1.0,False,False,True,30,-0.02,True,-3044.5684557182612,-0.28704604180505666,-9672.008151976666,-565.4052988538135,2028,3601,0.6024096385542169
10,60,0.85,1.25,0.1,0.0,3000.0,10.0,-15.0,0.03,1.0,False,True,True,14,0.0,True,-3167.0233273750055,-0.6371959731064616,-5693.669993258494,-48.99216323247269,1137,7210,0.40160642570281124
7,120,0.75,1.05,0.2,500.0,3000.0,1.0,-12.0,0.1,0.3,True,True,False,60,-0.0075,False,-3264.536157383577,-1.219978872676027,-3758.500221703951,-44.735281709978196,584,7606,0.5060240963855421
10,75,0.95,1.25,0.1,0.0,50000.0,15.0,-8.0,0.3,0.2,False,False,True,14,-0.01,True,-3352.8168969853396,-0.23202287782000772,-17575.724905953448,-1.3627916051007372,1948,8383,0.5180722891566265
14,45,0.9,1.2,0.15,100.0,1000.0,3.0,-6.0,0.3,0.1,True,True,False,60,-0.01,False,-3395.89235036782,-0.5793618709533976,-5527.392372147106,-4.239850762701547,793,6229,0.4538152610441767
10,45,0.8,1.3,0.15,100.0,10000.0,0.05,-30.0,0.05,2.0,False,True,True,45,-0.015,True,-3400.2730205849693,-0.7745550406823996,-5794.766096243664,-17.760872208779976,1848,9573,0.6465863453815262
14,45,0.95,1.2,0.05,1000.0,50000.0,2.0,-0.3,0.1,2.0,True,True,False,45,-0.02,False,-3417.438438117054,-0.6473422177473378,-6632.645818990879,-14.46266195555601,656,2089,0.43775100401606426
3,30,0.75,1.1,0.2,200.0,5000.0,10.0,-3.0,0.5,2.0,False,True,True,14,-0.03,True,-3502.6639756157547,-0.3388297001220742,-11464.845054983272,-1.6976041522967675,2132,13347,0.6666666666666666
10,60,0.75,1.1,0.1,1000.0,0.0,2.0,-30.0,0.3,2.0,False,True,True,21,-0.02,True,-3583.253053061132,-0.6491488832452621,-6117.14728206884,-0.0,1928,14117,0.6746987951807228
7,45,0.95,1.25,0.1,50.0,20000.0,2.0,-12.0,0.5,0.5,False,False,True,14,-0.03,True,-3683.538183645619,-0.5209577953843981,-9202.317680680493,-5.190407804998385,1981,12212,0.6987951807228916
10,30,0.9,1.15,0.03,0.0,20000.0,3.0,-4.0,0.3,0.2,False,True,True,14,-0.0075,True,-3737.264350865274,-0.3191125517768407,-9599.725257875398,-15.211939423470799,1846,6311,0.5261044176706827
7,90,0.9,1.05,0.08,100.0,3000.0,10.0,-20.0,1.0,2.0,False,False,False,14,-0.0125,True,-3757.6639549568285,-0.5107838167885818,-9833.751034997398,-22.56236597319305,1826,11578,0.6626506024096386
3,75,0.8,1.05,0.08,500.0,3000.0,0.3,-20.0,0.2,0.05,False,False,False,7,-0.0125,True,-3774.555844306541,-0.5812562955804869,-9883.452331090222,-9.681406376011095,1832,10851,0.678714859437751
7,45,0.9,1.3,0.12,200.0,50000.0,8.0,-4.0,0.2,2.0,True,True,True,45,-0.015,False,-3844.8536494370137,-0.35931586057468096,-11118.117869401027,-48.949037428659395,2014,9880,0.5662650602409639
5,120,0.95,1.05,0.08,500.0,10000.0,20.0,-5.0,0.1,0.3,False,False,False,45,-0.005,True,-3871.0852192736343,-0.4125001976897017,-8239.004744419457,-18.374802223375827,1651,5624,0.5341365461847389
5,75,0.75,1.3,0.1,200.0,20000.0,0.05,-6.0,0.1,0.05,False,False,False,14,0.0,True,-3948.9627928870214,-0.3486298573600678,-8126.277295596836,-4.0487489181556375,1350,8972,0.43775100401606426
10,45,0.9,1.25,0.15,25.0,20000.0,2.0,-30.0,0.1,0.3,False,False,False,30,-0.02,True,-3990.8071259112526,-0.6244118968510907,-8268.397193394661,-8.573455341709689,1927,10860,0.6586345381526104
10,30,0.85,1.2,0.12,100.0,3000.0,3.0,-2.0,0.3,2.0,True,False,True,21,-0.02,False,-4039.248408014592,-0.6722193111372579,-6295.542653799118,-3.5764060361425236,1739,7490,0.5662650602409639
21,45,0.85,1.05,0.15,100.0,3000.0,12.0,-6.0,0.03,0.1,True,True,True,14,-0.005,False,-4081.6607026323145,-0.8925801483123842,-4990.598837780467,-0.0,837,3331,0.4819277108433735
14,75,0.75,1.05,0.15,50.0,5000.0,0.1,-10.0,1.0,0.5,False,False,False,7,-0.02,True,-4206.992054285816,-0.3957003445208963,-13846.461912175815,-19.93125617423378,2053,9878,0.6265060240963856
7,30,0.8,1.25,0.12,1000.0,5000.0,0.1,-0.3,0.03,1.0,True,False,False,30,-0.0125,False,-4209.689875829418,-1.207428750647359,-7197.192850387827,-5.863341387430521,695,4063,0.5502008032128514
10,75,0.85,1.25,0.15,1000.0,50000.0,0.3,-8.0,0.3,0.2,False,False,True,60,-0.01,True,-4393.889616274581,-0.6391557967614058,-9040.668587869666,-144.60905844632452,1783,3641,0.5461847389558233
10,120,0.8,1.2,0.12,500.0,5000.0,0.1,-6.0,1.0,0.1,True,True,False,21,-0.03,False,-4413.872876180033,-0.8228142916909565,-6040.225309168772,-10.550464260384707,723,7072,0.5100401606425703
10,45,0.85,1.15,0.15,200.0,20000.0,0.05,-3.0,0.05,0.5,True,False,False,45,-0.01,False,-4464.494226509716,-1.1592283087913189,-6389.980477601447,-3.7616572725925383,707,7373,0.43373493975903615
3,60,0.85,1.15,0.05,500.0,10000.0,0.05,-8.0,0.05,0.5,True,True,True,7,-0.02,False,-4502.122590729648,-0.9824802844580901,-7142.686609276343,-0.0,1378,11518,0.6666666666666666
21,45,0.85,1.05,0.05,100.0,10000.0,0.1,-30.0,0.3,2.0,False,False,True,60,-0.0075,True,-4631.335134400204,-0.566928280274292,-8357.906660333156,-0.0,1693,4137,0.5622489959839357
10,120,0.9,1.1,0.1,500.0,1000.0,2.0,-3.0,0.03,0.2,True,False,False,14,-0.03,False,-4711.188333949791,-1.397517186485906,-6046.726864076055,-12332.88029157817,719,6323,0.5220883534136547
14,120,0.85,1.1,0.2,25.0,5000.0,0.5,-5.0,0.5,1.0,True,True,False,60,-0.02,False,-4715.4956641769495,-0.3319075507451849,-10312.206212612202,-14.915957680282125,1366,12586,0.43775100401606426
5,45,0.85,1.15,0.1,50.0,1000.0,0.1,-10.0,1.0,1.0,True,False,False,30,-0.0125,False,-4745.4960719831615,-1.197363916507121,-6095.887630910903,-5.12644762832332,612,16400,0.5381526104417671
10,90,0.75,1.2,0.08,1000.0,0.0,0.5,-12.0,0.1,2.0,False,False,True,45,-0.005,True,-4802.535018622391,-0.5323910156815659,-11902.457953054269,-3.979935478303359,1771,13438,0.5020080321285141
14,30,0.9,1.15,0.1,100.0,10000.0,1.0,-0.3,0.3,0.1,True,True,False,30,-0.015,False,-4836.069777096483,-0.5683406281478682,-13146.37607757698,-1.6676950199789307,1017,4679,0.4979919678714859
5,60,0.85,1.2,0.03,0.0,10000.0,8.0,-10.0,0.1,0.5,False,True,False,21,-0.02,True,-5022.000540446745,-0.590402169860541,-9610.970711451646,-0.0,2036,15840,0.6305220883534136
3,75,0.9,1.05,0.2,50.0,20000.0,3.0,-15.0,0.2,1.0,False,True,True,45,-0.005,True,-5177.845947304253,-1.0319496624801927,-7917.672545958415,-14.348108309193064,1592,15377,0.6104417670682731
10,120,0.9,1.1,0.12,500.0,50000.0,0.1,-10.0,0.3,0.2,False,True,False,14,-0.03,True,-5336.274314270739,-0.7039827189973871,-11346.587705769765,-23.831405782838967,1992,6255,0.6305220883534136
21,120,0.75,1.2,0.15,200.0,1000.0,1.0,-5.0,0.05,0.3,False,True,False,45,-0.005,True,-5421.106331448886,-0.40106261710873864,-8980.243321907325,-5.946154584643642,1848,5801,0.4939759036144578
14,60,0.95,1.25,0.15,500.0,0.0,1.0,-20.0,1.0,0.05,False,False,False,7,-0.02,True,-5445.811003013377,-0.7037293229993149,-8680.357518620009,-6.201431237020171,1924,8165,0.6506024096385542
21,45,0.95,1.25,0.08,100.0,10000.0,3.0,-10.0,0.03,0.2,True,False,False,60,-0.005,False,-5560.089266861547,-1.675431099061408,-7016.148442812216,-21.481521615532188,692,3140,0.3895582329317269
21,75,0.9,1.1,0.08,500.0,10000.0,10.0,-0.3,0.03,0.1,False,False,True,14,-0.02,True,-5880.681451370636,-0.6267410045492903,-11099.574078262718,-0.0,1973,2962,0.5742971887550201
7,90,0.85,1.15,0.2,500.0,5000.0,12.0,-8.0,0.03,2.0,False,False,True,7,-0.0075,True,-5903.1520054686525,-0.8193204252276759,-7940.183060406187,-103.39606505844158,1777,6983,0.5542168674698795
14,60,0.75,1.15,0.15,100.0,50000.0,0.1,-2.0,0.2,0.05,False,False,False,60,-0.03,True,-6057.088791867576,-0.3789357397744439,-12506.021279466415,-3.765641314154094,2379,9465,0.4939759036144578
21,30,0.75,1.1,0.2,0.0,5000.0,2.0,-5.0,0.05,1.0,True,True,False,60,0.0,False,-6214.915755813479,-0.9311205148655919,-7604.63920640005,-11.549732191847816,806,2191,0.42168674698795183
21,45,0.75,1.05,0.03,25.0,20000.0,0.1,-2.0,0.3,2.0,False,True,True,30,0.0,True,-6319.408285272232,-0.5937232519908833,-11654.795802500867,0.0,1346,3092,0.42971887550200805
21,45,0.9,1.1,0.12,200.0,1000.0,1.0,-4.0,0.1,0.3,True,False,True,45,-0.01,False,-6474.03816920125,-1.2238518611260871,-7632.272049678505,-0.0,1791,3536,0.5180722891566265
21,90,0.9,1.05,0.12,100.0,20000.0,0.05,-6.0,0.05,2.0,True,True,True,45,-0.01,False,-6525.437198132267,-0.897428845107992,-11438.244664463331,-56.75740762440797,1728,5543,0.5301204819277109
3,75,0.95,1.25,0.05,200.0,5000.0,3.0,-6.0,0.05,2.0,True,False,False,7,-0.02,False,-6913.113242231435,-1.732513136564882,-8276.426881284064,-9.906851512296726,681,13857,0.5140562248995983
21,60,0.95,1.15,0.08,50.0,1000.0,0.1,-20.0,0.03,0.5,False,False,False,45,-0.005,True,-7039.217517935068,-0.9323502248078862,-9631.516682979502,-13.401146033279575,1586,4415,0.46184738955823296
14,120,0.85,1.15,0.15,1000.0,50000.0,2.0,-6.0,0.03,0.5,False,True,False,60,-0.02,True,-7190.541425852873,-0.7423254790954839,-14807.01466233398,-0.0,1952,3559,0.5943775100401606
10,120,0.95,1.1,0.03,50.0,5000.0,0.3,-4.0,0.3,0.1,True,False,False,14,-0.0075,False,-7259.280755164572,-1.9318149300443839,-7747.636031820808,-0.0,689,8891,0.3493975903614458
3,120,0.95,1.05,0.1,500.0,20000.0,0.1,-0.5,0.1,0.5,True,False,True,21,-0.0075,False,-7274.268641555824,-1.1425453261713938,-10024.924210273106,-16.31924452306529,1786,8956,0.5742971887550201
3,90,0.75,1.3,0.15,50.0,50000.0,8.0,-5.0,1.0,0.2,True,False,True,30,-0.0125,False,-7542.952328076539,-0.9035950609555361,-10095.706504958795,-19.581658054510008,2201,21108,0.5060240963855421
5,45,0.85,1.1,0.15,100.0,20000.0,2.0,-10.0,0.03,0.2,False,True,True,21,-0.0075,True,-7642.978242288201,-1.0832498100496748,-10596.630940582863,-38.94373070954594,1786,13541,0.5943775100401606
21,60,0.9,1.25,0.08,50.0,5000.0,0.3,-3.0,0.5,0.05,True,True,True,21,0.0,False,-7677.597045959805,-0.7585251635945154,-14674.022533971063,-2.6184979091597413,836,4204,0.40160642570281124
5,45,0.8,1.05,0.12,100.0,1000.0,0.3,-4.0,0.5,1.0,True,False,False,14,-0.005,False,-7808.007969566042,-1.899113287931913,-9272.725649926657,-18.20507731038746,702,12693,0.43373493975903615
10,120,0.8,1.05,0.03,200.0,10000.0,0.05,-8.0,0.2,0.1,False,False,True,14,-0.0125,True,-8017.354536322631,-0.7695860869083606,-16156.684384073615,-528.3104469600165,1946,9283,0.6024096385542169
10,30,0.95,1.3,0.03,25.0,50000.0,20.0,-1.0,0.3,1.0,False,False,True,30,-0.01,True,-8079.5811982874975,-0.6850515201153299,-15533.739211193762,-2.3337389683792615,1912,4695,0.5502008032128514
7,90,0.95,1.3,0.12,1000.0,50000.0,0.1,-2.0,0.05,0.5,True,True,False,45,-0.02,False,-8113.736028294599,-0.7894027292998597,-15546.270190051988,-3.6757413077732477,662,4810,0.5261044176706827
5,45,0.85,1.05,0.08,1000.0,5000.0,15.0,-5.0,0.03,0.3,False,True,False,45,-0.01,True,-8430.238944877805,-0.9156490418777824,-10921.561315274956,-0.0,1776,5022,0.5823293172690763
14,45,0.75,1.2,0.08,50.0,5000.0,8.0,-10.0,0.05,2.0,False,True,False,7,0.0,True,-8487.775662640597,-0.9769529119990323,-12045.299563062455,-8.464958053898954,1258,4738,0.42570281124497994
21,90,0.75,1.25,0.15,50.0,10000.0,1.0,-3.0,0.05,1.0,False,True,False,30,-0.0075,True,-8555.942610474003,-0.42067399251460663,-17773.626644124437,-2.9530649922159853,2300,8467,0.4939759036144578
7,75,0.95,1.3,0.08,500.0,50000.0,0.1,-10.0,0.1,0.3,False,False,True,21,-0.02,True,-8624.649408212117,-0.9454143159809741,-13545.669901951249,-6.097882955322733,1948,7047,0.6104417670682731
14,60,0.75,1.2,0.15,100.0,20000.0,0.1,-4.0,0.3,0.3,False,True,False,45,-0.03,True,-8772.507487753852,-0.5982333354282409,-11978.156714501649,-6.209050035304425,2272,9394,0.5220883534136547
21,60,0.85,1.1,0.03,0.0,0.0,1.0,-1.0,0.1,2.0,True,False,True,30,-0.01,False,-8955.427905542709,-1.7309181051724387,-9420.876558325022,-0.0,1451,5953,0.4578313253012048
3,45,0.85,1.3,0.03,1000.0,50000.0,3.0,-5.0,0.2,1.0,False,True,True,21,-0.0075,True,-9218.867505773327,-1.1432501376737465,-11043.858526810622,-0.0,1770,6678,0.6104417670682731
14,60,0.8,1.2,0.1,1000.0,50000.0,0.5,-0.3,0.2,0.1,False,False,False,21,-0.005,True,-9321.631147186668,-1.0304908201524385,-13831.224570624625,-0.0,1646,2606,0.4979919678714859
7,120,0.8,1.25,0.08,500.0,20000.0,12.0,-6.0,0.5,0.5,False,False,False,21,-0.01,True,-9473.58223348829,-1.0101501615682427,-10892.194210068687,-0.0,1886,7629,0.5622489959839357
10,45,0.85,1.1,0.1,25.0,1000.0,0.1,-5.0,0.05,0.1,True,True,False,45,0.0,False,-9540.993879490088,-0.9371691195978504,-12259.161265334737,-9.76900083977778,743,7016,0.41365461847389556
3,75,0.75,1.1,0.2,500.0,50000.0,0.5,-2.0,0.3,2.0,True,True,False,14,0.0,False,-9689.37249929913,-1.2425022952344562,-11699.640090136421,-1999.294602831311,570,7117,0.42168674698795183
7,60,0.95,1.1,0.15,1000.0,1000.0,0.3,-2.0,0.2,0.1,False,True,False,14,-0.03,True,-9785.542067533348,-0.8653892090488463,-17234.187286492313,-5.8238233861986295,2014,4553,0.6104417670682731
5,45,0.95,1.3,0.03,1000.0,50000.0,8.0,-10.0,0.1,0.3,False,False,True,7,-0.005,True,-9938.484928959866,-1.1578386590624554,-13100.886796512317,-15.972337667869215,1585,4213,0.5502008032128514
10,45,0.85,1.1,0.15,100.0,0.0,0.3,-6.0,0.1,0.5,True,False,False,60,0.0,False,-10108.50399922887,-1.6965497502102063,-12276.343460885244,-17.466248846325634,609,7450,0.2971887550200803
10,60,0.9,1.3,0.03,500.0,3000.0,12.0,-0.3,0.05,2.0,True,False,True,7,-0.03,False,-10294.86976724034,-2.1899108133236536,-10822.947757422962,-22074.44161027065,765,5167,0.5180722891566265
14,60,0.9,1.05,0.05,0.0,0.0,10.0,-4.0,0.5,0.1,True,True,True,30,-0.0075,False,-10441.731098806995,-1.0606331713023667,-17678.40681601553,-48.41774954002605,1819,6745,0.5502008032128514
14,120,0.8,1.2,0.05,500.0,3000.0,0.1,-1.0,0.05,0.2,False,True,True,21,0.0,True,-10765.724337076726,-0.9696232707205272,-13490.145764759858,0.0,1432,3583,0.46586345381526106
10,90,0.9,1.3,0.2,50.0,50000.0,8.0,-5.0,0.03,0.05,True,False,True,21,-0.015,False,-10988.01705339654,-1.5977693523441545,-12252.263227496323,-0.0,1632,11474,0.46586345381526106
7,75,0.75,1.1,0.1,500.0,5000.0,0.1,-6.0,0.3,0.05,False,True,True,60,-0.03,True,-11388.554861371642,-1.2918758178517025,-13720.274606151657,-0.0,2070,8796,0.5903614457831325
14,45,0.9,1.05,0.15,50.0,50000.0,1.0,-2.0,0.5,0.5,True,True,False,21,-0.015,False,-11453.754980022368,-1.5529099921293836,-12548.979083609818,-0.0,1069,7022,0.4819277108433735
7,45,0.8,1.1,0.08,500.0,3000.0,12.0,-3.0,0.5,2.0,False,True,False,60,-0.0075,True,-11704.897482920373,-1.2100216647165556,-14593.4437179146,-24.18579658697072,1809,6278,0.5421686746987951
21,120,0.95,1.2,0.12,1000.0,0.0,2.0,-6.0,0.3,0.5,True,True,True,14,-0.01,False,-11778.910658374603,-1.0153715924149842,-15892.250179323248,-16.220478787163966,1041,7330,0.4779116465863454
10,75,0.75,1.15,0.03,25.0,0.0,3.0,-2.0,1.0,0.5,True,False,False,21,-0.0075,False,-11785.049735631808,-2.1128299170077014,-11578.262669416443,-0.0,901,10956,0.40562248995983935
7,90,0.95,1.25,0.2,25.0,1000.0,5.0,-5.0,0.5,1.0,False,False,True,21,-0.03,True,-11816.689572750582,-0.5330450223241432,-17925.27054737517,-6.25281737995743,2442,14663,0.4578313253012048
14,60,0.8,1.05,0.2,50.0,10000.0,0.3,-6.0,0.05,0.2,False,True,True,60,-0.0075,True,-11972.132867899862,-0.9744403658321498,-25720.094583440936,-21.600361312743043,1970,8260,0.5783132530120482
10,30,0.8,1.15,0.12,50.0,20000.0,2.0,-3.0,0.2,0.2,False,False,False,14,-0.01,True,-12024.186316791698,-1.0020800730314172,-12584.627765006055,-0.0,2001,7809,0.5662650602409639
14,90,0.95,1.25,0.03,25.0,5000.0,3.0,-2.0,0.3,0.1,False,True,False,14,-0.01,True,-12085.726043139688,-0.6594816904157689,-20841.899507541646,-67.75572181384119,2225,6890,0.4819277108433735
10,75,0.75,1.25,0.03,50.0,10000.0,12.0,-3.0,0.1,2.0,False,True,True,21,-0.03,True,-12093.236315665656,-0.7647180317044616,-13794.292936290638,-21.25380014631805,2429,11239,0.46987951807228917
10,75,0.8,1.3,0.2,1000.0,3000.0,1.0,-0.5,0.5,0.2,False,True,True,14,0.0,True,-12525.185282591981,-1.5538307500430661,-15155.582332870934,0.0,1263,2456,0.41767068273092367
5,60,0.95,1.3,0.15,100.0,20000.0,15.0,-1.0,0.05,0.05,True,False,True,7,-0.0075,False,-12533.835647900498,-1.9632423068016782,-15414.515702243512,-12.104485456057997,1223,11137,0.4738955823293173
5,45,0.75,1.25,0.03,1000.0,20000.0,8.0,-4.0,1.0,1.0,True,True,False,30,-0.005,False,-12698.809093417576,-1.5992578460151043,-14478.124225375968,-86.09084614194413,534,5018,0.4819277108433735
7,75,0.95,1.25,0.05,0.0,3000.0,0.3,-5.0,0.5,0.05,False,True,True,45,-0.01,True,-12951.685774141348,-0.746555421511996,-17296.966117789023,-10.964095070889796,2147,13220,0.4779116465863454
10,120,0.8,1.25,0.12,1000.0,5000.0,1.0,-0.5,0.3,0.3,False,False,True,30,-0.03,True,-13010.667381578685,-1.168427707682899,-15366.236882946703,-0.0,2140,4642,0.5783132530120482
14,90,0.9,1.25,0.12,25.0,10000.0,8.0,-3.0,0.3,0.3,True,True,False,30,-0.03,False,-13221.712940744415,-0.7444925560275654,-17639.692156616624,-0.0,1404,10308,0.4578313253012048
5,90,0.9,1.15,0.12,200.0,10000.0,1.0,-0.5,0.3,0.05,True,False,False,60,-0.015,False,-13479.347891536276,-2.4260208823683653,-15861.346912868376,-29.95167467872811,856,14033,0.4538152610441767
7,45,0.8,1.3,0.05,25.0,20000.0,0.1,-8.0,0.05,1.0,True,True,False,45,-0.015,False,-13511.821233548024,-1.4254707806906142,-15760.167459832857,-10.01843694958083,851,15392,0.5100401606425703
5,75,0.9,1.15,0.1,200.0,1000.0,0.3,-1.0,0.1,0.2,True,False,True,45,-0.01,False,-13631.346261677852,-2.229535280047831,-15573.710688311734,-0.0,1996,12952,0.4979919678714859
10,75,0.75,1.25,0.15,1000.0,50000.0,10.0,-0.1,0.3,0.2,False,False,True,14,-0.01,True,-13717.606431979799,-1.530851026132274,-16840.596430503618,-269.37197949687413,1874,3575,0.5582329317269076
7,90,0.8,1.15,0.12,50.0,1000.0,15.0,-5.0,0.5,0.3,False,True,True,14,0.0,True,-13736.945485667431,-0.6325527969456851,-17407.870181155486,-184.6328145519068,1702,9470,0.44176706827309237
14,75,0.9,1.05,0.2,100.0,1000.0,0.05,-0.5,0.2,2.0,True,True,False,60,-0.02,False,-13766.648071037976,-1.3469590005315322,-14460.34634886847,-121.67049744458653,1264,8142,0.46184738955823296
14,75,0.8,1.05,0.03,50.0,0.0,2.0,-3.0,0.5,0.3,False,False,True,7,-0.0125,True,-13780.899015463838,-1.0498455012111199,-20263.32570076113,-33.702036123229696,2203,8404,0.5461847389558233
7,90,0.75,1.3,0.05,1000.0,5000.0,12.0,-4.0,0.1,0.2,False,False,True,30,-0.015,True,-14058.558704952156,-1.0978723211297172,-17660.078850459002,-0.0,1945,5283,0.5943775100401606
5,90,0.8,1.05,0.1,25.0,1000.0,3.0,-8.0,0.1,2.0,False,True,False,7,-0.0075,True,-14061.290184749958,-1.0554957969061576,-19835.872184611555,-6.594420175578755,2071,17769,0.5341365461847389
3,120,0.95,1.25,0.05,0.0,3000.0,0.5,-6.0,0.5,0.5,False,True,False,7,-0.01,True,-14229.729989306576,-0.6412891829549573,-17115.853236298495,-264.1829026445945,2205,17855,0.5060240963855421
10,30,0.8,1.2,0.1,50.0,5000.0,12.0,-0.3,0.3,0.1,True,True,False,45,-0.005,False,-14258.930524489759,-1.4899997857463796,-14730.801530527646,-0.0,936,6763,0.42971887550200805
21,120,0.8,1.15,0.03,200.0,50000.0,0.5,-1.0,0.1,0.3,False,True,True,30,-0.015,True,-14397.407002109281,-0.9397276040347093,-15072.563143644158,-0.0,2373,6855,0.5381526104417671
10,90,0.9,1.15,0.08,0.0,50000.0,12.0,-10.0,0.05,0.2,False,True,False,7,-0.02,True,-14410.901319906,-0.9765566350557909,-17236.329748428547,-41.439328595289986,2144,12011,0.5943775100401606
14,90,0.75,1.1,0.05,50.0,3000.0,12.0,-4.0,0.3,0.2,True,False,True,14,-0.0125,False,-14798.455322241261,-2.2661536866072773,-16428.07771190034,-0.0,1160,9605,0.40963855421686746
5,90,0.9,1.25,0.08,100.0,50000.0,0.5,-3.0,1.0,0.3,False,False,True,21,-0.01,True,-15105.256469062664,-0.7824564236621112,-16850.171910755766,-28.040774834857157,2271,15805,0.4779116465863454
10,60,0.85,1.3,0.03,50.0,10000.0,1.0,-0.5,0.03,0.1,True,False,False,45,-0.0075,False,-15835.620348629474,-2.669168440601395,-15960.987360227433,-0.0,933,10191,0.41767068273092367
21,45,0.95,1.3,0.08,100.0,0.0,0.05,-8.0,0.03,2.0,True,True,False,14,-0.0075,False,-15875.726059987594,-2.4286572851840758,-16923.683542429964,-28.64613356410462,813,4468,0.41365461847389556
3,30,0.85,1.15,0.15,500.0,5000.0,5.0,-2.0,0.03,0.2,False,True,False,60,-0.02,True,-16245.042379442362,-1.4093219827928103,-20856.073750704058,-33.54648278419539,2020,9708,0.678714859437751
14,120,0.8,1.25,0.15,200.0,50000.0,0.3,-0.5,0.1,0.5,False,False,False,21,0.0,True,-16352.249233193457,-0.9562973625045532,-19491.359218632526,-6.670428431433847,1753,5672,0.4819277108433735
14,45,0.95,1.2,0.05,0.0,50000.0,5.0,-0.3,0.3,2.0,True,True,True,45,-0.02,False,-16421.618049895398,-1.3235993699593436,-18404.647563367613,-33.242322980165774,2413,6718,0.5542168674698795
5,45,0.8,1.05,0.15,100.0,1000.0,0.1,-0.5,0.03,0.5,True,False,True,60,-0.02,False,-16459.508988790756,-2.4811364176025528,-18586.70030903078,-13.46591104472367,2308,15472,0.5421686746987951
7,30,0.9,1.15,0.08,25.0,10000.0,3.0,-5.0,0.3,1.0,False,True,True,14,-0.015,True,-16500.610389503476,-1.144678418201227,-18383.90918751979,-12535.609370382672,2145,11800,0.5502008032128514
7,120,0.95,1.15,0.05,25.0,10000.0,0.3,-0.1,1.0,0.1,True,False,False,30,-0.01,False,-16718.92045796781,-1.6924103752695046,-19919.054077674202,-12.775597974460442,1361,14979,0.42971887550200805
5,60,0.75,1.15,0.15,1000.0,50000.0,20.0,-0.1,0.3,0.3,True,True,True,14,-0.005,False,-16855.97422220716,-2.0778738873414975,-20164.117158752484,-0.0,1299,4979,0.5381526104417671
21,30,0.95,1.2,0.15,0.0,3000.0,10.0,-6.0,0.05,2.0,False,True,True,30,-0.0125,True,-16872.04948217972,-1.3095573957445859,-20218.622315721193,-32.66158871423435,1625,2228,0.5381526104417671
7,30,0.95,1.25,0.12,1000.0,0.0,0.5,-2.0,0.05,0.05,True,False,False,7,-0.015,False,-16956.59597806718,-2.1476717844317905,-18776.16756175254,-25.84285826780271,948,10982,0.4457831325301205
7,30,0.85,1.05,0.03,0.0,3000.0,5.0,-1.0,0.2,0.5,False,True,False,14,-0.015,True,-17064.613040712764,-1.4456140360866179,-19913.2675757522,-10.149625163028134,2097,10089,0.570281124497992
7,45,0.95,1.1,0.12,100.0,10000.0,20.0,-0.3,0.2,0.1,True,True,True,45,-0.015,False,-17106.61521336379,-1.5309413614644944,-20143.59901371126,-8.422615046335904,2242,8799,0.5542168674698795
21,120,0.9,1.3,0.03,1000.0,0.0,5.0,-0.5,0.05,1.0,True,False,True,60,-0.03,False,-17385.293873041413,-2.457661939268659,-17929.12752190859,-0.0,2305,7696,0.5020080321285141
14,45,0.75,1.2,0.05,50.0,50000.0,5.0,-0.3,0.1,0.3,True,True,True,45,-0.02,False,-17659.61302269375,-1.490464338162336,-19696.8163208504,-21.870866998981548,2472,8754,0.5341365461847389
5,120,0.95,1.05,0.1,0.0,0.0,0.3,-6.0,0.2,0.2,False,False,False,14,-0.0125,True,-17670.18748830785,-1.1590383274463556,-27144.444119938336,-31.127766201054435,2305,16164,0.570281124497992
7,90,0.85,1.15,0.08,100.0,5000.0,0.1,0.3,0.1,0.1,True,False,False,30,-0.0125,False,-18055.774027966356,-2.4085714051585874,-20925.55379791229,-11.189037361418038,1198,15597,0.44176706827309237
7,90,0.8,1.25,0.15,1000.0,0.0,2.0,-8.0,0.03,0.05,True,True,True,30,-0.01,False,-18791.074482602457,-1.1092747678322812,-20987.757317318774,-13.286747086194516,2156,18787,0.44176706827309237
14,45,0.8,1.1,0.1,500.0,0.0,10.0,-10.0,0.5,0.05,False,True,True,14,-0.01,True,-18834.272966328237,-1.683107549194991,-23854.581657479474,-7.4201325508859375,1958,7747,0.5301204819277109
21,120,0.75,1.05,0.12,200.0,50000.0,8.0,-0.1,0.1,0.2,False,True,False,21,0.0,True,-19103.848041249614,-1.2767810508546305,-20995.221755661627,-1137.626468907491,1692,3633,0.4859437751004016
3,60,0.85,1.25,0.15,50.0,50000.0,2.0,-1.0,0.03,0.2,True,False,False,60,0.0,False,-19400.143267956184,-2.6948550883961566,-21542.738423796578,-21.084410860476417,884,12800,0.3253012048192771
21,90,0.95,1.1,0.1,100.0,20000.0,5.0,-2.0,0.05,0.5,False,True,True,30,-0.005,True,-19648.639753645482,-1.2849095034396352,-22226.538908934657,-19.662081187970962,1974,4398,0.46184738955823296
5,45,0.95,1.1,0.08,25.0,1000.0,0.05,-5.0,0.5,0.1,False,False,False,7,-0.02,True,-19997.588833784823,-1.292673266286401,-22310.256700640697,-0.0,2202,15075,0.5461847389558233
7,45,0.95,1.2,0.05,100.0,1000.0,3.0,-1.0,1.0,1.0,True,True,True,21,-0.005,False,-20319.2629121523,-1.8414980881072007,-22335.83504600733,-16.254615928154383,1719,9234,0.4899598393574297
14,60,0.85,1.15,0.03,50.0,20000.0,0.05,-0.3,0.1,0.5,False,True,True,30,-0.0125,True,-20518.007592906193,-1.2398142920438127,-19512.759664268207,-0.0,2365,8650,0.5140562248995983
14,120,0.75,1.3,0.2,0.0,5000.0,12.0,-10.0,0.2,0.3,True,False,True,7,-0.015,False,-20992.054672055885,-2.6171465856255796,-22548.97512613111,-17.899186336969727,910,11958,0.40963855421686746
3,60,0.85,1.2,0.12,0.0,20000.0,2.0,-10.0,0.1,0.5,False,True,False,45,-0.0125,True,-21148.933096869398,-1.4034991241444583,-22855.631095477198,-38.97808883006753,2135,21878,0.5341365461847389
14,120,0.8,1.25,0.08,50.0,20000.0,12.0,-2.0,0.1,0.5,False,False,False,60,0.0,True,-21170.39070240787,-0.8872565595857336,-23687.2185584172,-0.0,2116,6930,0.41767068273092367
21,60,0.75,1.3,0.2,25.0,5000.0,1.0,-5.0,1.0,1.0,False,True,True,14,-0.03,True,-21257.67011234742,-1.3678859585354475,-24313.797800677832,-0.0,2348,8580,0.5381526104417671
7,60,0.8,1.15,0.05,100.0,0.0,2.0,-0.5,0.05,0.2,True,False,True,45,-0.01,False,-21572.66455913376,-2.2601234556572365,-24117.06167081283,-19.568509669557052,2490,16440,0.4578313253012048
7,120,0.85,1.3,0.08,500.0,10000.0,8.0,-0.5,0.1,0.3,False,False,True,45,0.0,True,-21628.474139744714,-1.586247410725587,-23567.493458773522,-0.0,1477,5210,0.4738955823293173
5,75,0.85,1.3,0.08,1000.0,1000.0,12.0,-1.0,0.2,0.05,False,True,True,7,-0.01,True,-22070.99611143045,-2.0768785754243195,-25167.597523028693,-0.0,1885,5882,0.5461847389558233
5,90,0.95,1.15,0.03,500.0,0.0,10.0,-2.0,1.0,0.05,False,True,False,14,-0.0075,True,-22377.268239016725,-1.1997309614709162,-25206.891872738437,-30.80808074968159,2246,12238,0.4738955823293173
3,45,0.95,1.05,0.05,50.0,50000.0,5.0,-3.0,0.5,1.0,False,False,False,7,-0.0125,True,-22507.00256196638,-1.917846268793222,-24370.379246569588,-824.768289950246,2137,14335,0.570281124497992
7,75,0.85,1.25,0.03,0.0,20000.0,15.0,-0.3,0.1,2.0,True,False,True,14,-0.03,False,-22678.181279299348,-2.45084859041781,-23986.051571658758,-98.40299977344283,1994,13953,0.4979919678714859
5,90,0.95,1.1,0.1,0.0,10000.0,2.0,-2.0,1.0,0.05,True,False,False,21,-0.005,False,-23017.89515263847,-2.3339323073676326,-25736.977492707898,-35.04383615608546,1124,15188,0.43373493975903615
21,45,0.85,1.3,0.08,50.0,20000.0,3.0,-1.0,0.1,0.2,False,True,True,14,-0.0075,True,-23269.433307455,-1.6889201959211053,-25684.172272389605,-28.957466851727983,2067,5320,0.5060240963855421
3,45,0.8,1.1,0.1,50.0,1000.0,0.05,-3.0,0.05,0.05,True,True,True,14,-0.0075,False,-23425.903761685113,-1.6283389378365858,-25926.439299511952,-21.963212912341053,2025,17908,0.5100401606425703
5,45,0.75,1.3,0.1,100.0,20000.0,0.3,-0.3,0.2,1.0,True,True,False,60,-0.02,False,-23807.144347920395,-1.909608772596574,-26358.413067467744,-12.48877021308619,1074,16530,0.4738955823293173
14,45,0.8,1.1,0.1,0.0,50000.0,2.0,-3.0,1.0,0.05,True,True,True,7,-0.02,False,-24120.527061025303,-2.20605328212552,-26540.386751094105,-25.420048827618697,1322,9759,0.46586345381526106
10,60,0.8,1.05,0.08,100.0,0.0,3.0,-4.0,0.2,0.3,True,True,False,30,-0.03,False,-24763.22520035351,-2.3034588305627257,-27331.489274778956,-23.379678843264152,1337,13333,0.4859437751004016
7,75,0.9,1.1,0.1,200.0,50000.0,15.0,-0.3,1.0,0.1,False,True,True,7,-0.02,True,-24816.173071568228,-1.4823905028647817,-27046.46163546734,-20.234074576644424,2374,10567,0.5301204819277109
14,30,0.8,1.1,0.12,0.0,3000.0,0.5,-0.1,0.03,0.5,True,True,False,7,-0.0075,False,-24957.264744170836,-2.15488464143014,-25620.3206255257,-0.0,1302,5969,0.46586345381526106
14,75,0.75,1.1,0.08,0.0,0.0,12.0,-8.0,0.1,0.1,False,False,False,14,-0.005,True,-25110.235132053906,-1.6492043568649208,-27091.034245388444,-0.0,2017,8837,0.4738955823293173
10,90,0.8,1.2,0.1,50.0,20000.0,2.0,-0.1,0.1,1.0,True,False,True,45,-0.0125,False,-25177.36328687735,-2.9422307442642754,-26487.14972569642,-0.0,2562,14171,0.43775100401606426
21,45,0.85,1.1,0.12,25.0,20000.0,0.3,-2.0,0.03,0.2,False,False,True,21,0.0,True,-25250.133884497212,-1.9011281292301163,-28415.673064471357,-28.27052871510582,1523,3885,0.42168674698795183
5,120,0.95,1.15,0.1,200.0,1000.0,3.0,-0.1,0.05,0.3,True,True,False,45,-0.005,False,-25749.498639168116,-1.572022008767067,-33776.13138357955,-4.694092341230652,1061,10814,0.43373493975903615
21,60,0.75,1.2,0.12,50.0,50000.0,15.0,-0.1,0.3,1.0,False,False,False,14,-0.01,True,-25915.511024595005,-1.478242400902372,-26278.093852021804,-0.0,2363,6140,0.4939759036144578
5,60,0.85,1.1,0.05,25.0,10000.0,0.3,-3.0,0.2,0.05,True,False,True,45,-0.02,False,-25935.021175001166,-2.3649503852592977,-28850.274638252424,-31.2440003390702,2510,19543,0.4939759036144578
14,75,0.9,1.25,0.1,25.0,1000.0,0.05,-5.0,0.5,2.0,False,True,False,21,-0.005,True,-25943.18496316956,-1.4791188024916608,-27444.28647601046,-0.0,2094,8875,0.43775100401606426
7,30,0.95,1.3,0.08,0.0,1000.0,10.0,-1.0,0.1,0.05,True,True,True,45,-0.0075,False,-26396.801290502604,-1.5623500752464818,-26793.46819664309,-0.0,2179,9416,0.5381526104417671
10,60,0.9,1.2,0.2,25.0,5000.0,15.0,-6.0,0.2,0.2,False,True,False,45,-0.005,True,-26628.933952989013,-1.7299450965246772,-28204.667099185812,-0.0,1976,8898,0.44176706827309237
10,75,0.8,1.3,0.1,25.0,3000.0,1.0,-4.0,0.05,0.2,True,True,True,45,-0.0125,False,-27822.834424971472,-2.0332120375689082,-29974.130775074726,-118.01219114885905,2391,14290,0.4497991967871486
10,120,0.8,1.15,0.15,25.0,1000.0,1.0,-2.0,0.3,2.0,True,False,True,60,-0.0075,False,-28108.643187997044,-2.892637552281123,-30580.288507590354,-26.798076392679295,2567,15222,0.42971887550200805
5,75,0.8,1.15,0.05,25.0,1000.0,20.0,-0.3,0.1,0.1,True,False,False,60,-0.005,False,-28289.59515388018,-2.5968483519901904,-29783.191079902757,-60.31125524390418,1250,15218,0.41767068273092367
3,45,0.85,1.15,0.05,0.0,5000.0,5.0,-3.0,0.2,0.2,True,True,False,7,0.0,False,-28665.979026619287,-1.9057062180942188,-30723.502951162358,-25.34284570309009,1046,11899,0.43775100401606426
3,75,0.75,1.15,0.1,50.0,10000.0,15.0,-2.0,0.03,0.2,True,True,False,45,-0.03,False,-28759.057661443847,-1.6868237285916878,-31210.66267757047,-38.03176016532926,1523,20661,0.4497991967871486
14,45,0.8,1.2,0.05,50.0,1000.0,8.0,-0.1,0.1,0.3,False,False,False,14,0.0,True,-28940.504248226916,-1.762148638122242,-29642.84349293767,-0.0,1692,5086,0.4779116465863454
21,75,0.9,1.25,0.08,25.0,1000.0,5.0,-1.0,0.03,0.05,True,False,True,60,-0.03,False,-28989.68216495057,-3.1999623352548165,-29522.696703851372,-0.0,2539,8006,0.4738955823293173
21,90,0.8,1.05,0.03,500.0,0.0,0.3,-1.0,1.0,2.0,False,True,True,60,-0.0075,True,-29473.777984276938,-1.7669847219995325,-33941.26541670122,-43.63083050249485,2258,6620,0.5140562248995983
14,120,0.9,1.3,0.08,25.0,50000.0,1.0,-2.0,0.1,2.0,False,True,False,21,-0.01,True,-29690.43405433251,-1.1243164582726435,-31255.47212647198,-0.0,2869,11446,0.42168674698795183
5,45,0.75,1.3,0.15,50.0,10000.0,8.0,-1.0,0.05,0.3,True,True,False,7,-0.0125,False,-29852.276899938333,-2.098050796253444,-31864.72152160254,-30.215907253529632,1165,16705,0.46586345381526106
5,75,0.75,1.3,0.03,0.0,1000.0,3.0,-0.5,1.0,0.05,True,True,True,45,-0.01,False,-30014.435339889962,-1.885062484590475,-30846.823594444824,-0.0,2434,16854,0.4497991967871486
21,120,0.95,1.15,0.1,100.0,3000.0,8.0,-0.1,0.2,2.0,False,False,True,30,-0.01,True,-30212.79225934243,-1.7677870111725045,-30007.397724110077,-0.0,2504,5221,0.46184738955823296
3,75,0.75,1.1,0.03,50.0,5000.0,0.1,-3.0,0.1,0.1,False,True,False,14,-0.005,True,-30247.376011310454,-1.2929464023899342,-30107.990747209755,-0.0,2124,16998,0.46184738955823296
21,90,0.75,1.1,0.08,50.0,1000.0,1.0,-0.1,0.1,0.05,False,False,True,60,-0.015,True,-30342.867975835074,-1.5592744706234185,-32634.850063750753,-281.402208021669,2721,9094,0.46184738955823296
10,30,0.95,1.2,0.2,50.0,0.0,0.05,-2.0,0.03,2.0,False,True,True,45,-0.005,True,-30666.661465024612,-1.8105928855927178,-31663.59730146785,-0.0,1934,6449,0.5140562248995983
10,45,0.75,1.15,0.2,0.0,0.0,3.0,-8.0,0.2,0.5,False,False,False,60,-0.0075,True,-31282.50754255703,-1.9703664968260117,-33416.17206145626,-44.67365177941862,2056,11546,0.4779116465863454
3,75,0.75,1.2,0.12,500.0,0.0,3.0,-5.0,0.5,0.05,True,False,True,45,-0.01,False,-31591.739860908965,-2.585110880223438,-33761.98559338607,-64.52137254744125,2503,23172,0.42168674698795183
14,90,0.95,1.25,0.15,1000.0,0.0,2.0,-0.5,1.0,0.05,True,True,True,30,-0.01,False,-31813.468822233062,-1.6251359802446543,-32292.545969031253,-0.0,2402,9411,0.42971887550200805
14,90,0.9,1.25,0.12,0.0,10000.0,8.0,-3.0,1.0,0.2,True,True,False,30,-0.02,False,-32401.079477522653,-1.6828254488299048,-33753.257611725494,-108.82108635877013,1605,10904,0.4457831325301205
21,120,0.75,1.25,0.08,500.0,0.0,15.0,-5.0,0.5,0.3,True,False,True,60,-0.005,False,-32510.64682969841,-3.452355167346378,-34350.84503654319,-49.233254508948335,1988,8209,0.36947791164658633
5,30,0.8,1.1,0.1,0.0,5000.0,0.05,-2.0,0.2,0.3,True,True,False,7,-0.02,False,-32845.005038458796,-2.114230091270654,-35221.59768542767,-25.467796434974986,1247,16695,0.4538152610441767
5,75,0.85,1.3,0.1,50.0,50000.0,5.0,-4.0,0.1,2.0,False,True,True,7,-0.02,True,-32930.66257662928,-1.7028598046139414,-34048.32854005142,-0.0,2503,18981,0.4578313253012048
14,75,0.9,1.2,0.2,0.0,5000.0,15.0,-6.0,0.03,2.0,True,False,False,60,-0.015,False,-33267.21281203079,-3.9419129915592017,-34523.417760461765,-1447.8384887859454,1048,8696,0.41365461847389556
10,120,0.85,1.15,0.15,25.0,3000.0,15.0,-0.3,0.3,0.05,True,True,True,14,0.0,False,-33647.112500571326,-1.6772426121376598,-35469.02048359493,-68.76700464704915,2025,8758,0.39357429718875503
10,75,0.9,1.2,0.1,0.0,10000.0,0.3,-5.0,0.05,0.5,True,False,True,7,-0.0125,False,-35464.09576275466,-3.9191012764542945,-36696.93470055744,-0.0,1131,13791,0.40562248995983935
21,30,0.85,1.15,0.1,200.0,0.0,1.0,-0.3,0.05,0.1,False,False,True,30,-0.01,True,-35915.61929808566,-2.334589515258145,-37665.22048922678,-0.0,1901,3316,0.5220883534136547
3,75,0.85,1.15,0.1,50.0,50000.0,1.0,-0.5,0.5,0.05,True,True,True,14,-0.02,False,-36081.85259182446,-2.0344768834658473,-39159.771348595175,-25.537083848805246,2612,22191,0.46987951807228917
7,120,0.9,1.05,0.05,100.0,20000.0,1.0,-0.3,0.03,0.5,False,True,False,14,-0.0125,True,-37635.38632111089,-2.040595122175508,-38733.894859228356,-53.859859981631935,2749,14080,0.4779116465863454
5,75,0.9,1.15,0.12,50.0,20000.0,0.5,-0.1,1.0,0.5,True,True,False,45,-0.0125,False,-37841.906274486384,-2.3786759788928333,-39406.594989977646,-585.4580989514546,1429,18218,0.42168674698795183
21,90,0.9,1.15,0.12,500.0,0.0,2.0,-0.5,0.2,0.5,True,False,False,45,-0.02,False,-38024.65291144261,-3.785561137500365,-38519.848197875275,-0.0,1687,9635,0.41365461847389556
5,45,0.95,1.15,0.03,100.0,3000.0,15.0,-0.3,0.03,1.0,False,False,True,30,-0.03,True,-38711.77901859434,-1.9895041319156448,-42822.08248021091,-13.61309575421746,2389,11975,0.5542168674698795
14,30,0.75,1.3,0.12,25.0,0.0,0.1,-0.5,0.3,2.0,False,True,True,7,-0.03,True,-39100.23239666218,-2.1408625866828768,-40054.67055713853,-0.0,2449,6932,0.4859437751004016
7,30,0.8,1.1,0.05,25.0,5000.0,5.0,-0.5,0.1,0.1,False,True,False,21,-0.015,True,-39415.297920400924,-2.2248273611168057,-41270.48159561387,-133.69988942907537,2359,12367,0.5020080321285141
3,120,0.95,1.15,0.03,0.0,50000.0,20.0,-2.0,0.1,0.2,False,False,True,30,-0.0075,True,-40087.50351668406,-1.3799470660804334,-41609.83009160739,-0.0,2422,12656,0.43775100401606426
5,120,0.75,1.1,0.15,25.0,3000.0,10.0,-1.0,0.2,0.05,True,False,True,60,-0.02,False,-40437.98038557222,-3.138644356611459,-42915.01590145634,-28.07614514493482,3086,21802,0.42570281124497994
10,120,0.95,1.2,0.1,1000.0,0.0,3.0,-2.0,0.3,2.0,False,True,False,14,-0.01,True,-40760.19483256605,-1.428462822474246,-41642.56484934249,-0.0,2947,12163,0.44176706827309237
5,45,0.85,1.05,0.2,50.0,1000.0,12.0,-0.5,0.3,0.3,False,False,True,45,-0.015,True,-41325.51856618833,-2.5418603657726595,-43528.73562520389,-36.54514671407845,2451,14735,0.5020080321285141
5,45,0.8,1.15,0.2,1000.0,0.0,12.0,-5.0,1.0,0.05,False,False,False,14,0.0,True,-41817.08939364483,-1.876476703779812,-45869.65237854059,-28.24875075262167,1776,10937,0.40963855421686746
7,75,0.8,1.15,0.05,0.0,5000.0,3.0,-4.0,1.0,0.3,False,False,True,21,0.0,True,-41853.887250777574,-2.021439507787497,-44141.064733638304,-0.0,1816,10876,0.44176706827309237
5,90,0.8,1.1,0.08,0.0,50000.0,5.0,-2.0,1.0,2.0,True,False,True,60,-0.0075,False,-42758.04191568615,-3.359875415159879,-44750.906161951294,-44.0774575388725,2706,20166,0.41365461847389556
14,45,0.85,1.25,0.12,1000.0,0.0,8.0,-6.0,1.0,2.0,False,True,True,45,-0.0125,True,-42758.32381401464,-2.513228205003317,-46176.03304903127,-52.42963746359632,2246,8382,0.4899598393574297
5,120,0.75,1.05,0.03,25.0,50000.0,2.0,-0.1,0.05,0.05,False,False,False,21,-0.0075,True,-43683.37562843038,-2.285159620422843,-44620.22232699899,-49.060436869626635,2710,16761,0.46184738955823296
10,75,0.75,1.1,0.08,100.0,0.0,20.0,-0.3,0.05,1.0,True,True,True,7,-0.0075,False,-43944.276627325045,-2.33002885113923,-45116.451370511415,-0.0,1793,11843,0.43373493975903615
21,90,0.85,1.25,0.15,0.0,0.0,0.1,-2.0,0.03,0.3,True,True,False,45,-0.015,False,-44008.6548732757,-2.6213048717716854,-44892.4075991223,-343.86271991428913,1647,10266,0.41365461847389556
5,60,0.85,1.1,0.1,25.0,10000.0,5.0,-2.0,0.05,0.05,False,True,True,60,0.0,True,-44087.43115204983,-2.1461367460066856,-46650.16874014815,-98.94330826686661,1979,11737,0.42168674698795183
10,90,0.9,1.05,0.2,0.0,3000.0,0.3,-5.0,0.03,0.5,False,False,True,7,-0.015,True,-44161.99996493825,-1.9266201814885189,-49765.61158159634,-20.61613498599827,2526,12954,0.5381526104417671
7,90,0.75,1.25,0.08,100.0,0.0,0.05,-3.0,0.1,0.2,True,True,False,45,-0.03,False,-45139.75009127926,-1.7832301394035333,-47656.79477949158,-31.85909119082544,1737,21921,0.44176706827309237
21,75,0.75,1.05,0.08,0.0,1000.0,0.3,-5.0,0.05,0.1,False,False,True,30,-0.01,True,-45723.65984937091,-2.508387718830969,-50767.17936485778,-54.53684810577285,2258,8182,0.4979919678714859
3,60,0.75,1.1,0.03,100.0,3000.0,1.0,-0.5,1.0,0.2,False,True,True,45,-0.0075,True,-48295.34503789437,-1.8785906508342136,-49907.967751117096,-56.69651424862001,2369,17673,0.4457831325301205
5,75,0.9,1.1,0.15,1000.0,0.0,12.0,-2.0,0.2,0.1,True,False,False,30,-0.015,False,-48490.30286077386,-4.056763339381385,-49604.62451507281,-0.0,1421,17945,0.3895582329317269
7,120,0.9,1.15,0.05,0.0,50000.0,0.05,-0.3,0.3,1.0,False,True,True,45,0.0,True,-49108.11171519123,-1.6949807888535695,-50035.71784889547,-0.0,2486,11777,0.40160642570281124
10,45,0.75,1.2,0.12,25.0,10000.0,5.0,-0.3,0.03,0.5,False,False,True,21,-0.01,True,-49221.45696484736,-2.405714056514053,-50986.787271903326,-0.0,2500,11449,0.46586345381526106
3,75,0.75,1.05,0.15,0.0,20000.0,0.05,-6.0,1.0,0.5,False,True,False,21,-0.005,True,-49314.15326275678,-2.495460206285565,-55346.17680650063,-20.22160023630199,2307,20149,0.46586345381526106
3,75,0.85,1.2,0.08,0.0,50000.0,12.0,-3.0,0.03,1.0,True,False,False,21,-0.03,False,-49783.603712687225,-3.284994925696552,-51788.9997806103,-49.55603059593705,1683,22308,0.4457831325301205
21,75,0.75,1.3,0.12,0.0,50000.0,10.0,-0.5,0.5,2.0,True,False,True,7,-0.015,False,-49819.5166795876,-4.881580725528972,-50804.61621432388,-0.0,1543,9051,0.39357429718875503
10,30,0.9,1.15,0.12,1000.0,0.0,8.0,-0.1,0.2,0.3,False,True,False,45,-0.03,True,-50008.4076780399,-2.3236277785382096,-51003.9165674856,-0.0,2522,8747,0.5140562248995983
3,45,0.9,1.1,0.15,25.0,10000.0,12.0,-3.0,0.5,0.3,False,True,True,30,-0.0125,True,-51969.053917398836,-2.4334225471104722,-54224.42813750354,-163.71461861368968,2455,17296,0.46184738955823296
7,120,0.75,1.2,0.1,0.0,1000.0,8.0,-3.0,0.03,0.2,True,True,True,45,-0.0075,False,-53796.18046781789,-2.1488230091078524,-56123.133071531964,-40.902679815027064,3066,19377,0.42971887550200805
3,90,0.75,1.3,0.1,0.0,0.0,5.0,-2.0,1.0,0.05,True,True,True,60,-0.005,False,-55526.677017498645,-2.351411268227925,-57614.05533629447,-50.874070258359225,3010,22118,0.4538152610441767
3,30,0.8,1.2,0.05,1000.0,0.0,5.0,-0.1,0.05,2.0,False,True,False,30,-0.0125,True,-55569.26908182488,-2.3883150440443055,-58560.39448410336,-33.69688754568763,2480,16988,0.4859437751004016
7,120,0.85,1.2,0.05,1000.0,0.0,0.3,-0.1,0.03,0.5,False,True,True,7,-0.03,True,-56458.713462659965,-1.8030661896385343,-59240.34336814635,-49.66213997821661,3386,20726,0.41365461847389556
7,60,0.85,1.2,0.08,25.0,10000.0,15.0,-0.5,0.03,1.0,False,True,False,14,-0.015,True,-58433.25945811739,-2.391641775170767,-60037.492149138605,-0.0,2845,15245,0.42570281124497994
5,90,0.8,1.25,0.05,25.0,50000.0,12.0,-0.1,0.5,0.3,False,True,True,60,-0.03,True,-58634.42845567716,-1.9480688256997107,-60679.135220028984,-124.45766925328932,3231,20408,0.41767068273092367
21,75,0.75,1.3,0.08,100.0,0.0,0.3,-1.0,0.3,0.3,False,False,True,21,-0.0125,True,-61359.970368464885,-2.7470748150413393,-62936.36914808816,-0.0,2797,9976,0.42971887550200805
7,90,0.8,1.25,0.1,25.0,50000.0,0.3,-0.1,0.5,0.3,False,False,True,60,0.0,True,-61833.346716961714,-1.9853101842821417,-64437.102697815826,-80.37334750838598,2464,12655,0.40160642570281124
3,90,0.75,1.05,0.12,25.0,3000.0,5.0,-0.5,0.03,0.5,False,True,True,21,-0.03,True,-63658.95010482912,-2.5249307856848686,-68149.91570968664,-22.244563608799258,3279,23434,0.42168674698795183
14,90,0.8,1.1,0.08,500.0,0.0,0.05,-0.3,0.3,0.1,False,True,False,21,-0.015,True,-63993.228150617564,-2.3491032980528903,-65348.85388844944,-0.0,3193,13180,0.41767068273092367
7,75,0.8,1.2,0.2,0.0,0.0,2.0,-0.3,0.05,0.1,True,False,False,7,-0.03,False,-66323.21953140758,-3.9421080091703535,-67111.25584327616,-0.0,1916,21014,0.43373493975903615
14,60,0.85,1.2,0.12,100.0,0.0,1.0,-0.1,0.05,0.05,False,True,True,60,0.0,True,-72119.64610975374,-2.9872892735014323,-72134.30177378013,-0.0,2222,7383,0.40963855421686746
3,45,0.85,1.3,0.12,0.0,50000.0,0.1,-3.0,1.0,0.3,False,False,True,60,-0.01,True,-73892.44188812342,-2.607674573123991,-77621.27317700989,-39.71651841047622,2622,20396,0.43373493975903615
14,75,0.75,1.25,0.12,500.0,0.0,12.0,-1.0,0.1,1.0,False,True,True,7,-0.005,True,-77661.64412930427,-3.122102359636344,-78140.14982357064,-0.0,2783,10034,0.41767068273092367
3,45,0.9,1.1,0.2,25.0,50000.0,0.05,-0.1,0.3,1.0,False,False,False,21,0.0,True,-77710.06263248011,-2.851021626351064,-78844.39755990775,-0.0,2060,12166,0.41365461847389556
