symbol,scenario,param,level,fill_gate,slippage_bps,spread_cross_fraction,option_commission_per_contract,option_fee_per_contract,min_edge_to_cost_ratio,volume_participation_rate,signal_abs_gate,strategy_mode,long_score_scale,allow_long_puts,vertical_skip_if_no_wing,hedge_underlying_delta,max_trades_per_day,backtest_version,generated_at_utc,summary_signal_abs_gate,total_pnl,daily_sharpe,trades,total_fees,total_options_pnl,total_options_pnl_gross,total_hedge_pnl,final_equity,baseline_total_pnl,baseline_daily_sharpe,baseline_trades,delta_total_pnl,delta_daily_sharpe,delta_trades
AAPL,baseline,baseline,base,0.45,10.0,0.75,0.65,0.05,1.75,0.02,0.04,vertical,1.0,True,True,True,5,2026-02-18-realistic-costs-fill-psr-v6,2026-02-18T06:20:16.202693Z,0.04,4423.944506233287,1.97196387710613,805.0,2214.3601418018343,3847.999377957218,6062.359519759053,575.9451282760698,14423.944506233289,4423.944506233287,1.97196387710613,805.0,0.0,0.0,0.0
AAPL,fill_gate=0.3,fill_gate,low,0.3,10.0,0.75,0.65,0.05,1.75,0.02,0.04,vertical,1.0,True,True,True,5,2026-02-18-realistic-costs-fill-psr-v6,2026-02-18T06:20:18.227852Z,0.04,4514.080030566429,2.016675594176496,805.0,2214.366275286675,3816.2464232620387,6030.6126985487135,697.8336073043909,14514.08003056643,4423.944506233287,1.97196387710613,805.0,90.1355243331418,0.0447117170703657,0.0
AAPL,fill_gate=0.6,fill_gate,high,0.6,10.0,0.75,0.65,0.05,1.75,0.02,0.04,vertical,1.0,True,True,True,5,2026-02-18-realistic-costs-fill-psr-v6,2026-02-18T06:20:20.166312Z,0.04,3992.208165463429,1.8734711099267944,806.0,2217.1102791786197,3491.709269912885,5708.819549091504,500.4988955505445,13992.208165463431,4423.944506233287,1.97196387710613,805.0,-431.7363407698581,-0.09849276717933564,1.0
AAPL,slippage_bps=5.0,slippage_bps,low,0.45,5.0,0.75,0.65,0.05,1.75,0.02,0.04,vertical,1.0,True,True,True,5,2026-02-18-realistic-costs-fill-psr-v6,2026-02-18T06:20:22.114268Z,0.04,5384.68270185686,2.343804534016751,808.0,2222.608534860611,4953.766690644696,7176.375225505306,430.91601121216496,15384.682701856857,4423.944506233287,1.97196387710613,805.0,960.7381956235731,0.37184065691062074,3.0
AAPL,slippage_bps=15.0,slippage_bps,high,0.45,15.0,0.75,0.65,0.05,1.75,0.02,0.04,vertical,1.0,True,True,True,5,2026-02-18-realistic-costs-fill-psr-v6,2026-02-18T06:20:24.094336Z,0.04,2966.4369484593985,1.407701680407707,819.0,2252.8776104927065,2465.495085712197,4718.372696204904,500.94186274720107,12966.436948459399,4423.944506233287,1.97196387710613,805.0,-1457.5075577738885,-0.5642621966984231,14.0
AAPL,spread_cross_fraction=0.55,spread_cross_fraction,low,0.45,10.0,0.55,0.65,0.05,1.75,0.02,0.04,vertical,1.0,True,True,True,5,2026-02-18-realistic-costs-fill-psr-v6,2026-02-18T06:20:26.513802Z,0.04,6303.977370337175,2.6161730882320438,807.0,2219.9360100746158,4706.076923985547,6926.012934060162,1597.900446351628,16303.977370337172,4423.944506233287,1.97196387710613,805.0,1880.0328641038877,0.6442092111259137,2.0
AAPL,spread_cross_fraction=0.95,spread_cross_fraction,high,0.45,10.0,0.95,0.65,0.05,1.75,0.02,0.04,vertical,1.0,True,True,True,5,2026-02-18-realistic-costs-fill-psr-v6,2026-02-18T06:20:28.751428Z,0.04,-553.5940133687774,-0.15300728715457768,823.0,2263.858534550667,-1294.7523693166631,969.1061652340056,741.1583559478854,9446.405986631224,4423.944506233287,1.97196387710613,805.0,-4977.538519602064,-2.1249711642607076,18.0
AAPL,option_commission_per_contract=0.35,option_commission_per_contract,low,0.45,10.0,0.75,0.35,0.05,1.75,0.02,0.04,vertical,1.0,True,True,True,5,2026-02-18-realistic-costs-fill-psr-v6,2026-02-18T06:20:30.822681Z,0.04,5350.1763854577675,2.3566651531202925,805.0,1265.3462194442748,4771.127234974056,6036.473454418331,579.0491504837114,15350.17638545777,4423.944506233287,1.97196387710613,805.0,926.2318792244805,0.3847012760141624,0.0
AAPL,option_commission_per_contract=0.95,option_commission_per_contract,high,0.45,10.0,0.75,0.95,0.05,1.75,0.02,0.04,vertical,1.0,True,True,True,5,2026-02-18-realistic-costs-fill-psr-v6,2026-02-18T06:20:32.856242Z,0.04,3474.933016889645,1.5760418761913808,805.0,3163.3716311454773,2898.987888613575,6062.359519759053,575.9451282760698,13474.933016889643,4423.944506233287,1.97196387710613,805.0,-949.0114893436421,-0.3959220009147493,0.0
AAPL,option_fee_per_contract=0.01,option_fee_per_contract,low,0.45,10.0,0.75,0.65,0.01,1.75,0.02,0.04,vertical,1.0,True,True,True,5,2026-02-18-realistic-costs-fill-psr-v6,2026-02-18T06:20:35.005045Z,0.04,4550.479371479107,2.0245444034598665,805.0,2087.825276556015,3974.5342432030375,6062.359519759053,575.9451282760698,14550.479371479109,4423.944506233287,1.97196387710613,805.0,126.53486524581967,0.052580526353736445,0.0
AAPL,option_fee_per_contract=0.1,option_fee_per_contract,high,0.45,10.0,0.75,0.65,0.1,1.75,0.02,0.04,vertical,1.0,True,True,True,5,2026-02-18-realistic-costs-fill-psr-v6,2026-02-18T06:20:36.965404Z,0.04,4265.775924676014,1.9061639786604823,805.0,2372.528723359108,3689.830796399945,6062.359519759053,575.9451282760698,14265.775924676014,4423.944506233287,1.97196387710613,805.0,-158.16858155727277,-0.06579989844564782,0.0
AAPL,min_edge_to_cost_ratio=1.25,min_edge_to_cost_ratio,low,0.45,10.0,0.75,0.65,0.05,1.25,0.02,0.04,vertical,1.0,True,True,True,5,2026-02-18-realistic-costs-fill-psr-v6,2026-02-18T06:20:38.871004Z,0.04,4582.338004470941,2.0337191322771653,804.0,2211.6129475831985,4087.8001436295635,6299.413091212764,494.53786084137744,14582.338004470943,4423.944506233287,1.97196387710613,805.0,158.39349823765406,0.061755255171035195,-1.0
AAPL,min_edge_to_cost_ratio=2.25,min_edge_to_cost_ratio,high,0.45,10.0,0.75,0.65,0.05,2.25,0.02,0.04,vertical,1.0,True,True,True,5,2026-02-18-realistic-costs-fill-psr-v6,2026-02-18T06:20:40.805088Z,0.04,3577.5053827121856,1.7107815382278375,808.0,2222.601754832268,3492.6332509662684,5715.235005798536,84.87213174591761,13577.505382712185,4423.944506233287,1.97196387710613,805.0,-846.4391235211015,-0.26118233887829256,3.0
AAPL,volume_participation_rate=0.01,volume_participation_rate,low,0.45,10.0,0.75,0.65,0.05,1.75,0.01,0.04,vertical,1.0,True,True,True,5,2026-02-18-realistic-costs-fill-psr-v6,2026-02-18T06:20:42.719628Z,0.04,4423.944506233287,1.97196387710613,805.0,2214.3601418018343,3847.999377957218,6062.359519759053,575.9451282760698,14423.944506233289,4423.944506233287,1.97196387710613,805.0,0.0,0.0,0.0
AAPL,volume_participation_rate=0.05,volume_participation_rate,high,0.45,10.0,0.75,0.65,0.05,1.75,0.05,0.04,vertical,1.0,True,True,True,5,2026-02-18-realistic-costs-fill-psr-v6,2026-02-18T06:20:44.596643Z,0.04,4423.944506233287,1.97196387710613,805.0,2214.3601418018343,3847.999377957218,6062.359519759053,575.9451282760698,14423.944506233289,4423.944506233287,1.97196387710613,805.0,0.0,0.0,0.0
MSFT,baseline,baseline,base,0.45,10.0,0.75,0.65,0.05,1.75,0.02,0.04,vertical,1.0,True,True,True,5,2026-02-18-realistic-costs-fill-psr-v6,2026-02-18T06:20:46.550028Z,0.04,-3415.7515008563882,-0.6426392981580817,847.0,2331.287919306755,-7118.09573844494,-4786.8078191381865,3702.344237588554,6584.248499143614,-3415.7515008563882,-0.6426392981580817,847.0,0.0,0.0,0.0
MSFT,fill_gate=0.3,fill_gate,low,0.3,10.0,0.75,0.65,0.05,1.75,0.02,0.04,vertical,1.0,True,True,True,5,2026-02-18-realistic-costs-fill-psr-v6,2026-02-18T06:20:48.525246Z,0.04,-3415.7515008563882,-0.6426392981580817,847.0,2331.287919306755,-7118.09573844494,-4786.8078191381865,3702.344237588554,6584.248499143614,-3415.7515008563882,-0.6426392981580817,847.0,0.0,0.0,0.0
MSFT,fill_gate=0.6,fill_gate,high,0.6,10.0,0.75,0.65,0.05,1.75,0.02,0.04,vertical,1.0,True,True,True,5,2026-02-18-realistic-costs-fill-psr-v6,2026-02-18T06:20:50.969892Z,0.04,-3415.7515008563882,-0.6426392981580817,847.0,2331.287919306755,-7118.09573844494,-4786.8078191381865,3702.344237588554,6584.248499143614,-3415.7515008563882,-0.6426392981580817,847.0,0.0,0.0,0.0
MSFT,slippage_bps=5.0,slippage_bps,low,0.45,5.0,0.75,0.65,0.05,1.75,0.02,0.04,vertical,1.0,True,True,True,5,2026-02-18-realistic-costs-fill-psr-v6,2026-02-18T06:20:53.336777Z,0.04,-1656.0470276961673,-0.22572130176147706,850.0,2339.5403867244722,-5287.861682493583,-2948.321295769114,3631.8146547974184,8343.952972303834,-3415.7515008563882,-0.6426392981580817,847.0,1759.704473160221,0.41691799639660465,3.0
MSFT,slippage_bps=15.0,slippage_bps,high,0.45,15.0,0.75,0.65,0.05,1.75,0.02,0.04,vertical,1.0,True,True,True,5,2026-02-18-realistic-costs-fill-psr-v6,2026-02-18T06:20:55.670800Z,0.04,-5027.449186574108,-0.8448086065392014,845.0,2325.808566260338,-8957.740815816105,-6631.932249555766,3930.291629241995,4972.550813425894,-3415.7515008563882,-0.6426392981580817,847.0,-1611.69768571772,-0.20216930838111968,-2.0
MSFT,spread_cross_fraction=0.55,spread_cross_fraction,low,0.45,10.0,0.55,0.65,0.05,1.75,0.02,0.04,vertical,1.0,True,True,True,5,2026-02-18-realistic-costs-fill-psr-v6,2026-02-18T06:20:57.705847Z,0.04,3540.262919662445,1.1005175607390507,858.0,2361.5739192247393,840.6671795104176,3202.2410987351564,2699.595740152028,13540.262919662446,-3415.7515008563882,-0.6426392981580817,847.0,6956.0144205188335,1.7431568588971325,11.0
MSFT,spread_cross_fraction=0.95,spread_cross_fraction,high,0.45,10.0,0.95,0.65,0.05,1.75,0.02,0.04,vertical,1.0,True,True,True,5,2026-02-18-realistic-costs-fill-psr-v6,2026-02-18T06:21:00.338877Z,0.04,-9652.932553178798,0.2943504383798262,844.0,2323.090746212006,-13492.215156981334,-11169.12441076933,3839.2826038025346,347.06744682120006,-3415.7515008563882,-0.6426392981580817,847.0,-6237.18105232241,0.936989736537908,-3.0
MSFT,option_commission_per_contract=0.35,option_commission_per_contract,low,0.45,10.0,0.75,0.35,0.05,1.75,0.02,0.04,vertical,1.0,True,True,True,5,2026-02-18-realistic-costs-fill-psr-v6,2026-02-18T06:21:02.420395Z,0.04,-2210.2476796601977,-0.3713129572507367,846.0,1330.5931125640868,-5868.791576684788,-4538.198464120701,3658.543897024589,7789.752320339802,-3415.7515008563882,-0.6426392981580817,847.0,1205.5038211961905,0.27132634090734503,-1.0
MSFT,option_commission_per_contract=0.95,option_commission_per_contract,high,0.45,10.0,0.75,0.95,0.05,1.75,0.02,0.04,vertical,1.0,True,True,True,5,2026-02-18-realistic-costs-fill-psr-v6,2026-02-18T06:21:04.863755Z,0.04,-4511.581032691855,-0.8592138074511183,847.0,3330.4110062122345,-8253.93750741725,-4923.526501205015,3742.356474725395,5488.418967308145,-3415.7515008563882,-0.6426392981580817,847.0,-1095.8295318354672,-0.21657450929303657,0.0
MSFT,option_fee_per_contract=0.01,option_fee_per_contract,low,0.45,10.0,0.75,0.65,0.01,1.75,0.02,0.04,vertical,1.0,True,True,True,5,2026-02-18-realistic-costs-fill-psr-v6,2026-02-18T06:21:06.979660Z,0.04,-3282.5350483245734,-0.6134549251715918,847.0,2198.0714667749407,-6984.879285913126,-4786.8078191381865,3702.344237588554,6717.464951675429,-3415.7515008563882,-0.6426392981580817,847.0,133.21645253181487,0.029184372986489904,0.0
MSFT,option_fee_per_contract=0.1,option_fee_per_contract,high,0.45,10.0,0.75,0.65,0.1,1.75,0.02,0.04,vertical,1.0,True,True,True,5,2026-02-18-realistic-costs-fill-psr-v6,2026-02-18T06:21:09.228087Z,0.04,-3582.2720665211564,-0.6784708510317627,847.0,2497.8084849715233,-7284.61630410971,-4786.8078191381865,3702.344237588554,6417.727933478846,-3415.7515008563882,-0.6426392981580817,847.0,-166.52056566476813,-0.035831552873681005,0.0
MSFT,min_edge_to_cost_ratio=1.25,min_edge_to_cost_ratio,low,0.45,10.0,0.75,0.65,0.05,1.25,0.02,0.04,vertical,1.0,True,True,True,5,2026-02-18-realistic-costs-fill-psr-v6,2026-02-18T06:21:11.552483Z,0.04,-4363.132760682334,-0.8289012415304208,856.0,2356.0649021148683,-8338.835487336439,-5982.770585221571,3975.702726654106,5636.867239317671,-3415.7515008563882,-0.6426392981580817,847.0,-947.381259825946,-0.18626194337233903,9.0
MSFT,min_edge_to_cost_ratio=2.25,min_edge_to_cost_ratio,high,0.45,10.0,0.75,0.65,0.05,2.25,0.02,0.04,vertical,1.0,True,True,True,5,2026-02-18-realistic-costs-fill-psr-v6,2026-02-18T06:21:13.571941Z,0.04,-2957.2525098729866,-0.5408292154285894,841.0,2314.8249377012253,-6262.682669064927,-3947.8577313637,3305.4301591919407,7042.747490127014,-3415.7515008563882,-0.6426392981580817,847.0,458.49899098340165,0.10181008272949232,-6.0
MSFT,volume_participation_rate=0.01,volume_participation_rate,low,0.45,10.0,0.75,0.65,0.05,1.75,0.01,0.04,vertical,1.0,True,True,True,5,2026-02-18-realistic-costs-fill-psr-v6,2026-02-18T06:21:15.499713Z,0.04,-3415.7515008563882,-0.6426392981580817,847.0,2331.287919306755,-7118.09573844494,-4786.8078191381865,3702.344237588554,6584.248499143614,-3415.7515008563882,-0.6426392981580817,847.0,0.0,0.0,0.0
MSFT,volume_participation_rate=0.05,volume_participation_rate,high,0.45,10.0,0.75,0.65,0.05,1.75,0.05,0.04,vertical,1.0,True,True,True,5,2026-02-18-realistic-costs-fill-psr-v6,2026-02-18T06:21:17.396601Z,0.04,-3415.7515008563882,-0.6426392981580817,847.0,2331.287919306755,-7118.09573844494,-4786.8078191381865,3702.344237588554,6584.248499143614,-3415.7515008563882,-0.6426392981580817,847.0,0.0,0.0,0.0
QQQ,baseline,baseline,base,0.45,10.0,0.75,0.65,0.05,1.75,0.02,0.04,vertical,1.0,True,True,True,5,2026-02-18-realistic-costs-fill-psr-v6,2026-02-18T06:21:19.215200Z,0.04,11632.679949658723,3.23875930742493,397.0,1093.7028537273409,10746.710119070925,11840.412972798265,885.9698305877972,21632.67994965872,11632.679949658723,3.23875930742493,397.0,0.0,0.0,0.0
QQQ,fill_gate=0.3,fill_gate,low,0.3,10.0,0.75,0.65,0.05,1.75,0.02,0.04,vertical,1.0,True,True,True,5,2026-02-18-realistic-costs-fill-psr-v6,2026-02-18T06:21:21.088398Z,0.04,12021.707708045604,3.3287478760129097,400.0,1101.9577053785324,11207.015327360154,12308.973032738686,814.6923806854523,22021.7077080456,11632.679949658723,3.23875930742493,397.0,389.02775838688103,0.08998856858797977,3.0
QQQ,fill_gate=0.6,fill_gate,high,0.6,10.0,0.75,0.65,0.05,1.75,0.02,0.04,vertical,1.0,True,True,True,5,2026-02-18-realistic-costs-fill-psr-v6,2026-02-18T06:21:23.371333Z,0.04,11632.679949658723,3.23875930742493,397.0,1093.7028537273409,10746.710119070925,11840.412972798265,885.9698305877972,21632.67994965872,11632.679949658723,3.23875930742493,397.0,0.0,0.0,0.0
QQQ,slippage_bps=5.0,slippage_bps,low,0.45,5.0,0.75,0.65,0.05,1.75,0.02,0.04,vertical,1.0,True,True,True,5,2026-02-18-realistic-costs-fill-psr-v6,2026-02-18T06:21:25.344128Z,0.04,11195.204885572406,3.1656427834424834,394.0,1085.4472810983657,10724.43009605821,11809.877377156577,470.77478951419437,21195.204885572402,11632.679949658723,3.23875930742493,397.0,-437.4750640863167,-0.0731165239824465,-3.0
QQQ,slippage_bps=15.0,slippage_bps,high,0.45,15.0,0.75,0.65,0.05,1.75,0.02,0.04,vertical,1.0,True,True,True,5,2026-02-18-realistic-costs-fill-psr-v6,2026-02-18T06:21:27.288505Z,0.04,11335.518960201789,3.0777330317238114,402.0,1107.0415260076525,10510.043283727759,11617.08480973541,825.4756764740291,21335.51896020179,11632.679949658723,3.23875930742493,397.0,-297.16098945693375,-0.1610262757011185,5.0
QQQ,spread_cross_fraction=0.55,spread_cross_fraction,low,0.45,10.0,0.55,0.65,0.05,1.75,0.02,0.04,vertical,1.0,True,True,True,5,2026-02-18-realistic-costs-fill-psr-v6,2026-02-18T06:21:29.219056Z,0.04,16624.877278808264,4.260309648446892,424.0,1167.6511014699936,16308.369243590952,17476.020345060944,316.5080352173169,26624.877278808264,11632.679949658723,3.23875930742493,397.0,4992.1973291495415,1.0215503410219622,27.0
QQQ,spread_cross_fraction=0.95,spread_cross_fraction,high,0.45,10.0,0.95,0.65,0.05,1.75,0.02,0.04,vertical,1.0,True,True,True,5,2026-02-18-realistic-costs-fill-psr-v6,2026-02-18T06:21:31.089572Z,0.04,10162.761804243863,2.9132033335573584,396.0,1091.0636399507523,10486.75618890265,11577.819828853402,-323.9943846587861,20162.761804243863,11632.679949658723,3.23875930742493,397.0,-1469.9181454148602,-0.3255559738675715,-1.0
QQQ,option_commission_per_contract=0.35,option_commission_per_contract,low,0.45,10.0,0.75,0.35,0.05,1.75,0.02,0.04,vertical,1.0,True,True,True,5,2026-02-18-realistic-costs-fill-psr-v6,2026-02-18T06:21:32.998850Z,0.04,12101.409744113296,3.3609017748008427,397.0,624.973059272766,11215.439913525499,11840.412972798265,885.9698305877972,22101.409744113298,11632.679949658723,3.23875930742493,397.0,468.7297944545735,0.12214246737591283,0.0
QQQ,option_commission_per_contract=0.95,option_commission_per_contract,high,0.45,10.0,0.75,0.95,0.05,1.75,0.02,0.04,vertical,1.0,True,True,True,5,2026-02-18-realistic-costs-fill-psr-v6,2026-02-18T06:21:35.029883Z,0.04,11245.301498805786,3.1360758899001144,397.0,1562.4307618141174,10355.035048259491,11917.465810073609,890.2664505462934,21245.30149880578,11632.679949658723,3.23875930742493,397.0,-387.378450852937,-0.10268341752481547,0.0
QQQ,option_fee_per_contract=0.01,option_fee_per_contract,low,0.45,10.0,0.75,0.65,0.01,1.75,0.02,0.04,vertical,1.0,True,True,True,5,2026-02-18-realistic-costs-fill-psr-v6,2026-02-18T06:21:36.889576Z,0.04,11695.177255585997,3.2550730867677973,397.0,1031.2055478000643,10809.207424998203,11840.412972798265,885.9698305877972,21695.177255585997,11632.679949658723,3.23875930742493,397.0,62.49730592727428,0.016313779342867374,0.0
QQQ,option_fee_per_contract=0.1,option_fee_per_contract,high,0.45,10.0,0.75,0.65,0.1,1.75,0.02,0.04,vertical,1.0,True,True,True,5,2026-02-18-realistic-costs-fill-psr-v6,2026-02-18T06:21:38.700880Z,0.04,11554.558317249626,3.218355327453777,397.0,1171.8244861364365,10668.588486661829,11840.412972798265,885.9698305877972,21554.558317249626,11632.679949658723,3.23875930742493,397.0,-78.12163240909649,-0.020403979971153063,0.0
QQQ,min_edge_to_cost_ratio=1.25,min_edge_to_cost_ratio,low,0.45,10.0,0.75,0.65,0.05,1.25,0.02,0.04,vertical,1.0,True,True,True,5,2026-02-18-realistic-costs-fill-psr-v6,2026-02-18T06:21:40.579952Z,0.04,12305.43746105628,2.993173571254721,405.0,1115.392387366295,11642.002213424417,12757.39460079071,663.4352476318643,22305.437461056274,11632.679949658723,3.23875930742493,397.0,672.7575113975581,-0.24558573617020896,8.0
QQQ,min_edge_to_cost_ratio=2.25,min_edge_to_cost_ratio,high,0.45,10.0,0.75,0.65,0.05,2.25,0.02,0.04,vertical,1.0,True,True,True,5,2026-02-18-realistic-costs-fill-psr-v6,2026-02-18T06:21:42.464788Z,0.04,11546.94810069178,2.845350663519302,385.0,1060.7424987077713,10708.463053175885,11769.205551883657,838.4850475158927,21546.948100691778,11632.679949658723,3.23875930742493,397.0,-85.73184896694329,-0.3934086439056279,-12.0
QQQ,volume_participation_rate=0.01,volume_participation_rate,low,0.45,10.0,0.75,0.65,0.05,1.75,0.01,0.04,vertical,1.0,True,True,True,5,2026-02-18-realistic-costs-fill-psr-v6,2026-02-18T06:21:44.284457Z,0.04,11850.91792703604,2.901504661574475,397.0,1093.7028537273409,10746.710119070925,11840.412972798265,1104.2078079651155,21850.91792703604,11632.679949658723,3.23875930742493,397.0,218.2379773773173,-0.33725464585045506,0.0
QQQ,volume_participation_rate=0.05,volume_participation_rate,high,0.45,10.0,0.75,0.65,0.05,1.75,0.05,0.04,vertical,1.0,True,True,True,5,2026-02-18-realistic-costs-fill-psr-v6,2026-02-18T06:21:46.118979Z,0.04,11850.91792703604,2.901504661574475,397.0,1093.7028537273409,10746.710119070925,11840.412972798265,1104.2078079651155,21850.91792703604,11632.679949658723,3.23875930742493,397.0,218.2379773773173,-0.33725464585045506,0.0
SPY,baseline,baseline,base,0.45,10.0,0.75,0.65,0.05,1.75,0.02,0.04,vertical,1.0,True,True,True,5,2026-02-18-realistic-costs-fill-psr-v6,2026-02-18T06:21:47.934644Z,0.04,1754.6809455829973,0.8312794739181373,398.0,1095.6424859046936,2542.0443376758412,3637.686823580536,-787.3633920928452,11754.680945582999,1754.6809455829973,0.8312794739181373,398.0,0.0,0.0,0.0
SPY,fill_gate=0.3,fill_gate,low,0.3,10.0,0.75,0.65,0.05,1.75,0.02,0.04,vertical,1.0,True,True,True,5,2026-02-18-realistic-costs-fill-psr-v6,2026-02-18T06:21:49.770121Z,0.04,1754.6809455829973,0.8312794739181373,398.0,1095.6424859046936,2542.0443376758412,3637.686823580536,-787.3633920928452,11754.680945582999,1754.6809455829973,0.8312794739181373,398.0,0.0,0.0,0.0
SPY,fill_gate=0.6,fill_gate,high,0.6,10.0,0.75,0.65,0.05,1.75,0.02,0.04,vertical,1.0,True,True,True,5,2026-02-18-realistic-costs-fill-psr-v6,2026-02-18T06:21:51.963730Z,0.04,1792.5477589486725,0.8459092139044169,399.0,1098.453535056114,2693.6171263772094,3792.070661433325,-901.0693674285386,11792.547758948675,1754.6809455829973,0.8312794739181373,398.0,37.86681336567517,0.014629739986279588,1.0
SPY,slippage_bps=5.0,slippage_bps,low,0.45,5.0,0.75,0.65,0.05,1.75,0.02,0.04,vertical,1.0,True,True,True,5,2026-02-18-realistic-costs-fill-psr-v6,2026-02-18T06:21:54.076487Z,0.04,1605.6276208881482,0.7763365066348172,399.0,1098.406945037842,2196.5816133472035,3294.9885583850455,-590.953992459055,11605.627620888148,1754.6809455829973,0.8312794739181373,398.0,-149.05332469484915,-0.05494296728332004,1.0
SPY,slippage_bps=15.0,slippage_bps,high,0.45,15.0,0.75,0.65,0.05,1.75,0.02,0.04,vertical,1.0,True,True,True,5,2026-02-18-realistic-costs-fill-psr-v6,2026-02-18T06:21:56.577953Z,0.04,2295.387810410908,1.0528261873650258,394.0,1084.5426273822786,3098.505294404394,4183.0479217866705,-803.117483993485,12295.38781041091,1754.6809455829973,0.8312794739181373,398.0,540.7068648279107,0.22154671344688848,-4.0
SPY,spread_cross_fraction=0.55,spread_cross_fraction,low,0.45,10.0,0.55,0.65,0.05,1.75,0.02,0.04,vertical,1.0,True,True,True,5,2026-02-18-realistic-costs-fill-psr-v6,2026-02-18T06:21:58.506449Z,0.04,4204.842738724549,1.740149118364521,410.0,1128.6126939535143,4238.535903168468,5367.148597121984,-33.69316444391893,14204.842738724554,1754.6809455829973,0.8312794739181373,398.0,2450.161793141552,0.9088696444463837,12.0
SPY,spread_cross_fraction=0.95,spread_cross_fraction,high,0.45,10.0,0.95,0.65,0.05,1.75,0.02,0.04,vertical,1.0,True,True,True,5,2026-02-18-realistic-costs-fill-psr-v6,2026-02-18T06:22:00.975483Z,0.04,-828.7485684501953,-0.20991689157947366,391.0,1076.365365791321,-402.4198046807005,673.9455611106196,-426.32876376949423,9171.251431549803,1754.6809455829973,0.8312794739181373,398.0,-2583.4295140331924,-1.0411963654976109,-7.0
SPY,option_commission_per_contract=0.35,option_commission_per_contract,low,0.45,10.0,0.75,0.35,0.05,1.75,0.02,0.04,vertical,1.0,True,True,True,5,2026-02-18-realistic-costs-fill-psr-v6,2026-02-18T06:22:02.919497Z,0.04,1928.3914727579272,0.9026224173350276,399.0,627.6558478355407,2689.8944845407145,3317.550332376256,-761.5030117827874,11928.391472757925,1754.6809455829973,0.8312794739181373,398.0,173.7105271749299,0.07134294341689029,1.0
SPY,option_commission_per_contract=0.95,option_commission_per_contract,high,0.45,10.0,0.75,0.95,0.05,1.75,0.02,0.04,vertical,1.0,True,True,True,5,2026-02-18-realistic-costs-fill-psr-v6,2026-02-18T06:22:04.937741Z,0.04,1285.119880195271,0.6431830682531877,398.0,1565.2035512924194,2072.483272288117,3637.686823580536,-787.3633920928452,11285.119880195274,1754.6809455829973,0.8312794739181373,398.0,-469.56106538772633,-0.18809640566494956,0.0
SPY,option_fee_per_contract=0.01,option_fee_per_contract,low,0.45,10.0,0.75,0.65,0.01,1.75,0.02,0.04,vertical,1.0,True,True,True,5,2026-02-18-realistic-costs-fill-psr-v6,2026-02-18T06:22:07.202541Z,0.04,1817.2890876346935,0.8562464543916485,398.0,1033.034343852997,2604.6524797275392,3637.686823580536,-787.3633920928452,11817.289087634697,1754.6809455829973,0.8312794739181373,398.0,62.60814205169618,0.024966980473511202,0.0
SPY,option_fee_per_contract=0.1,option_fee_per_contract,high,0.45,10.0,0.75,0.65,0.1,1.75,0.02,0.04,vertical,1.0,True,True,True,5,2026-02-18-realistic-costs-fill-psr-v6,2026-02-18T06:22:09.100275Z,0.04,1676.4207680183758,0.8000334189651244,398.0,1173.9026634693146,2463.784160111222,3637.686823580536,-787.3633920928452,11676.420768018379,1754.6809455829973,0.8312794739181373,398.0,-78.26017756462147,-0.031246054953012914,0.0
SPY,min_edge_to_cost_ratio=1.25,min_edge_to_cost_ratio,low,0.45,10.0,0.75,0.65,0.05,1.25,0.02,0.04,vertical,1.0,True,True,True,5,2026-02-18-realistic-costs-fill-psr-v6,2026-02-18T06:22:11.526380Z,0.04,1515.1460997593188,0.737299685107212,400.0,1101.1013136148454,2208.0765740970373,3309.1778877118822,-692.9304743377189,11515.14609975932,1754.6809455829973,0.8312794739181373,398.0,-239.53484582367855,-0.09397978881092528,2.0
SPY,min_edge_to_cost_ratio=2.25,min_edge_to_cost_ratio,high,0.45,10.0,0.75,0.65,0.05,2.25,0.02,0.04,vertical,1.0,True,True,True,5,2026-02-18-realistic-costs-fill-psr-v6,2026-02-18T06:22:13.384874Z,0.04,322.11397624366236,0.25404760004614496,388.0,1068.1160453081131,733.5365123245501,1801.6525576326635,-411.42253608088777,10322.113976243663,1754.6809455829973,0.8312794739181373,398.0,-1432.566969339335,-0.5772318738719924,-10.0
SPY,volume_participation_rate=0.01,volume_participation_rate,low,0.45,10.0,0.75,0.65,0.05,1.75,0.01,0.04,vertical,1.0,True,True,True,5,2026-02-18-realistic-costs-fill-psr-v6,2026-02-18T06:22:15.180530Z,0.04,1754.6809455829973,0.8312794739181373,398.0,1095.6424859046936,2542.0443376758412,3637.686823580536,-787.3633920928452,11754.680945582999,1754.6809455829973,0.8312794739181373,398.0,0.0,0.0,0.0
SPY,volume_participation_rate=0.05,volume_participation_rate,high,0.45,10.0,0.75,0.65,0.05,1.75,0.05,0.04,vertical,1.0,True,True,True,5,2026-02-18-realistic-costs-fill-psr-v6,2026-02-18T06:22:16.962315Z,0.04,1754.6809455829973,0.8312794739181373,398.0,1095.6424859046936,2542.0443376758412,3637.686823580536,-787.3633920928452,11754.680945582999,1754.6809455829973,0.8312794739181373,398.0,0.0,0.0,0.0
