symbol,scenario,param,level,fill_gate,slippage_bps,spread_cross_fraction,option_commission_per_contract,option_fee_per_contract,min_edge_to_cost_ratio,volume_participation_rate,backtest_version,generated_at_utc,total_pnl,daily_sharpe,trades,total_fees,total_options_pnl,total_options_pnl_gross,total_hedge_pnl,final_equity,baseline_total_pnl,baseline_daily_sharpe,baseline_trades,delta_total_pnl,delta_daily_sharpe,delta_trades
AAPL,baseline,baseline,base,0.45,10.0,0.75,0.65,0.05,1.75,0.02,2026-02-18-realistic-costs-fill-psr-v6,2026-02-18T06:15:52.336124Z,3348.6775028692264,1.5795162972081385,815.0,2241.8524347543716,2958.537192268939,5200.389627023311,390.1403106002869,13348.677502869226,3348.6775028692264,1.5795162972081385,815.0,0.0,0.0,0.0
AAPL,fill_gate=0.3,fill_gate,low,0.3,10.0,0.75,0.65,0.05,1.75,0.02,2026-02-18-realistic-costs-fill-psr-v6,2026-02-18T06:15:54.397091Z,3947.5417841601784,1.7296825515929855,815.0,2241.840401601791,3297.9744281710955,5539.814829772888,649.5673559890814,13947.541784160176,3348.6775028692264,1.5795162972081385,815.0,598.864281290952,0.150166254384847,0.0
AAPL,fill_gate=0.6,fill_gate,high,0.6,10.0,0.75,0.65,0.05,1.75,0.02,2026-02-18-realistic-costs-fill-psr-v6,2026-02-18T06:15:56.843893Z,3360.2295044311995,1.58473940570099,815.0,2241.852631855011,2970.0891938309114,5211.941825685923,390.1403106002869,13360.2295044312,3348.6775028692264,1.5795162972081385,815.0,11.552001561973157,0.005223108492851569,0.0
AAPL,slippage_bps=5.0,slippage_bps,low,0.45,5.0,0.75,0.65,0.05,1.75,0.02,2026-02-18-realistic-costs-fill-psr-v6,2026-02-18T06:15:58.851281Z,4637.541704255645,2.1401259340727274,812.0,2233.6359790086744,4319.352815118371,6552.988794127046,318.1888891372738,14637.541704255646,3348.6775028692264,1.5795162972081385,815.0,1288.8642013864182,0.560609636864589,-3.0
AAPL,slippage_bps=15.0,slippage_bps,high,0.45,15.0,0.75,0.65,0.05,1.75,0.02,2026-02-18-realistic-costs-fill-psr-v6,2026-02-18T06:16:00.757428Z,1591.200784314296,0.8575258899400465,814.0,2239.062704515457,1132.1507115863246,3371.213416101782,459.0500727279711,11591.200784314296,3348.6775028692264,1.5795162972081385,815.0,-1757.4767185549304,-0.7219904072680919,-1.0
AAPL,spread_cross_fraction=0.55,spread_cross_fraction,low,0.45,10.0,0.55,0.65,0.05,1.75,0.02,2026-02-18-realistic-costs-fill-psr-v6,2026-02-18T06:16:02.719789Z,5661.769772013682,2.526796187785565,807.0,2219.957982373238,4233.728121311772,6453.68610368501,1428.0416507019095,15661.769772013684,3348.6775028692264,1.5795162972081385,815.0,2313.0922691444557,0.9472798905774265,-8.0
AAPL,spread_cross_fraction=0.95,spread_cross_fraction,high,0.45,10.0,0.95,0.65,0.05,1.75,0.02,2026-02-18-realistic-costs-fill-psr-v6,2026-02-18T06:16:05.009453Z,-1834.2509426598358,-0.7435926724369305,821.0,2258.3114045858383,-2969.0272262444387,-710.7158216585989,1134.776283584602,8165.749057340166,3348.6775028692264,1.5795162972081385,815.0,-5182.928445529062,-2.323108969645069,6.0
AAPL,option_commission_per_contract=0.35,option_commission_per_contract,low,0.45,10.0,0.75,0.35,0.05,1.75,0.02,2026-02-18-realistic-costs-fill-psr-v6,2026-02-18T06:16:07.084797Z,4290.037008064913,1.998186402565995,815.0,1281.060531616211,3900.4208335730227,5181.481365189235,389.61617449188856,14290.037008064914,3348.6775028692264,1.5795162972081385,815.0,941.3595051956863,0.41867010535785654,0.0
AAPL,option_commission_per_contract=0.95,option_commission_per_contract,high,0.45,10.0,0.75,0.95,0.05,1.75,0.02,2026-02-18-realistic-costs-fill-psr-v6,2026-02-18T06:16:09.084834Z,2387.88360226021,1.1554510798829598,815.0,3202.646335363388,1997.7432916599232,5200.389627023311,390.1403106002869,12387.88360226021,3348.6775028692264,1.5795162972081385,815.0,-960.7939006090164,-0.42406521732517866,0.0
AAPL,option_fee_per_contract=0.01,option_fee_per_contract,low,0.45,10.0,0.75,0.65,0.01,1.75,0.02,2026-02-18-realistic-costs-fill-psr-v6,2026-02-18T06:16:11.095758Z,3457.347662514375,1.6294931209675305,815.0,2113.749877166748,3067.7314880224867,5181.481365189235,389.61617449188856,13457.347662514376,3348.6775028692264,1.5795162972081385,815.0,108.67015964514849,0.04997682375939205,0.0
AAPL,option_fee_per_contract=0.1,option_fee_per_contract,high,0.45,10.0,0.75,0.65,0.1,1.75,0.02,2026-02-18-realistic-costs-fill-psr-v6,2026-02-18T06:16:13.049292Z,3188.545186101057,1.5087611677067594,815.0,2401.984751522541,2798.4048755007702,5200.389627023311,390.1403106002869,13188.545186101059,3348.6775028692264,1.5795162972081385,815.0,-160.1323167681694,-0.07075512950137908,0.0
AAPL,min_edge_to_cost_ratio=1.25,min_edge_to_cost_ratio,low,0.45,10.0,0.75,0.65,0.05,1.25,0.02,2026-02-18-realistic-costs-fill-psr-v6,2026-02-18T06:16:15.101259Z,3557.947482678205,1.66787333127386,815.0,2241.8637063741685,3244.9311190765134,5486.794825450681,313.016363601691,13557.947482678204,3348.6775028692264,1.5795162972081385,815.0,209.2699798089784,0.0883570340657216,0.0
AAPL,min_edge_to_cost_ratio=2.25,min_edge_to_cost_ratio,high,0.45,10.0,0.75,0.65,0.05,2.25,0.02,2026-02-18-realistic-costs-fill-psr-v6,2026-02-18T06:16:17.201396Z,3252.632438035367,1.5296408995420878,816.0,2244.5973922729495,3073.24751323525,5317.8449055082,179.38492480011604,13252.632438035365,3348.6775028692264,1.5795162972081385,815.0,-96.04506483385921,-0.04987539766605065,1.0
AAPL,volume_participation_rate=0.01,volume_participation_rate,low,0.45,10.0,0.75,0.65,0.05,1.75,0.01,2026-02-18-realistic-costs-fill-psr-v6,2026-02-18T06:16:19.192360Z,3348.6775028692264,1.5795162972081385,815.0,2241.8524347543716,2958.537192268939,5200.389627023311,390.1403106002869,13348.677502869226,3348.6775028692264,1.5795162972081385,815.0,0.0,0.0,0.0
AAPL,volume_participation_rate=0.05,volume_participation_rate,high,0.45,10.0,0.75,0.65,0.05,1.75,0.05,2026-02-18-realistic-costs-fill-psr-v6,2026-02-18T06:16:21.194962Z,3348.6775028692264,1.5795162972081385,815.0,2241.8524347543716,2958.537192268939,5200.389627023311,390.1403106002869,13348.677502869226,3348.6775028692264,1.5795162972081385,815.0,0.0,0.0,0.0
MSFT,baseline,baseline,base,0.45,10.0,0.75,0.65,0.05,1.75,0.02,2026-02-18-realistic-costs-fill-psr-v6,2026-02-18T06:16:23.108908Z,-7729.8351132164435,-1.0633750280494498,846.0,2328.5857955455785,-10899.209275481495,-8570.623479935915,3169.3741622650514,2270.164886783561,-7729.8351132164435,-1.0633750280494498,846.0,0.0,0.0,0.0
MSFT,fill_gate=0.3,fill_gate,low,0.3,10.0,0.75,0.65,0.05,1.75,0.02,2026-02-18-realistic-costs-fill-psr-v6,2026-02-18T06:16:25.032557Z,-7729.8351132164435,-1.0633750280494498,846.0,2328.5857955455785,-10899.209275481495,-8570.623479935915,3169.3741622650514,2270.164886783561,-7729.8351132164435,-1.0633750280494498,846.0,0.0,0.0,0.0
MSFT,fill_gate=0.6,fill_gate,high,0.6,10.0,0.75,0.65,0.05,1.75,0.02,2026-02-18-realistic-costs-fill-psr-v6,2026-02-18T06:16:27.001123Z,-7729.8351132164435,-1.0633750280494498,846.0,2328.5857955455785,-10899.209275481495,-8570.623479935915,3169.3741622650514,2270.164886783561,-7729.8351132164435,-1.0633750280494498,846.0,0.0,0.0,0.0
MSFT,slippage_bps=5.0,slippage_bps,low,0.45,5.0,0.75,0.65,0.05,1.75,0.02,2026-02-18-realistic-costs-fill-psr-v6,2026-02-18T06:16:28.932184Z,-5855.755706407283,-1.1740705763536468,843.0,2320.3180365562444,-8881.701688975678,-6561.383652419434,3025.945982568398,4144.24429359272,-7729.8351132164435,-1.0633750280494498,846.0,1874.079406809161,-0.11069554830419692,-3.0
MSFT,slippage_bps=15.0,slippage_bps,high,0.45,15.0,0.75,0.65,0.05,1.75,0.02,2026-02-18-realistic-costs-fill-psr-v6,2026-02-18T06:16:30.886418Z,-7829.408219458619,-1.01887446517908,840.0,2312.1068399429323,-10821.898284888346,-8509.791444945413,2992.4900654297267,2170.5917805413847,-7729.8351132164435,-1.0633750280494498,846.0,-99.57310624217553,0.04450056287036985,-6.0
MSFT,spread_cross_fraction=0.55,spread_cross_fraction,low,0.45,10.0,0.55,0.65,0.05,1.75,0.02,2026-02-18-realistic-costs-fill-psr-v6,2026-02-18T06:16:32.864791Z,2331.454121180887,0.7903116887453279,846.0,2328.5815621376037,516.238779545718,2844.82034168332,1815.2153416351705,12331.454121180886,-7729.8351132164435,-1.0633750280494498,846.0,10061.28923439733,1.8536867167947777,0.0
MSFT,spread_cross_fraction=0.95,spread_cross_fraction,high,0.45,10.0,0.95,0.65,0.05,1.75,0.02,2026-02-18-realistic-costs-fill-psr-v6,2026-02-18T06:16:34.797177Z,-12164.54919264612,-0.7287906517166695,842.0,2317.669629645348,-14730.352090378707,-12412.682460733356,2565.802897732583,-2164.549192646131,-7729.8351132164435,-1.0633750280494498,846.0,-4434.7140794296765,0.3345843763327804,-4.0
MSFT,option_commission_per_contract=0.35,option_commission_per_contract,low,0.45,10.0,0.75,0.35,0.05,1.75,0.02,2026-02-18-realistic-costs-fill-psr-v6,2026-02-18T06:16:36.696972Z,-5908.667611323864,-1.1796078432752461,846.0,1330.6176223754883,-8961.851793983813,-7631.234171608324,3053.184182659949,4091.3323886761373,-7729.8351132164435,-1.0633750280494498,846.0,1821.1675018925798,-0.11623281522579632,0.0
MSFT,option_commission_per_contract=0.95,option_commission_per_contract,high,0.45,10.0,0.75,0.95,0.05,1.75,0.02,2026-02-18-realistic-costs-fill-psr-v6,2026-02-18T06:16:38.640646Z,-8597.44935997833,-0.4086266687968248,846.0,3326.549648284912,-11655.608637373996,-8329.058989089082,3058.1592773956654,1402.5506400216655,-7729.8351132164435,-1.0633750280494498,846.0,-867.6142467618874,0.6547483592526251,0.0
MSFT,option_fee_per_contract=0.01,option_fee_per_contract,low,0.45,10.0,0.75,0.65,0.01,1.75,0.02,2026-02-18-realistic-costs-fill-psr-v6,2026-02-18T06:16:40.548282Z,-7596.773067756697,-1.1026620222684134,846.0,2195.5237500858307,-10766.147230021747,-8570.623479935915,3169.3741622650514,2403.2269322432994,-7729.8351132164435,-1.0633750280494498,846.0,133.0620454597465,-0.039286994218963533,0.0
MSFT,option_fee_per_contract=0.1,option_fee_per_contract,high,0.45,10.0,0.75,0.65,0.1,1.75,0.02,2026-02-18-realistic-costs-fill-psr-v6,2026-02-18T06:16:42.472093Z,-7896.162670041129,-0.9996418963194115,846.0,2494.913352370262,-11065.536832306178,-8570.623479935915,3169.3741622650514,2103.8373299588693,-7729.8351132164435,-1.0633750280494498,846.0,-166.32755682468542,0.06373313173003836,0.0
MSFT,min_edge_to_cost_ratio=1.25,min_edge_to_cost_ratio,low,0.45,10.0,0.75,0.65,0.05,1.25,0.02,2026-02-18-realistic-costs-fill-psr-v6,2026-02-18T06:16:44.365339Z,-7594.502709712202,-1.0721005593368036,848.0,2334.0677960157395,-10418.11646474764,-8084.048668731899,2823.613755035436,2405.4972902878035,-7729.8351132164435,-1.0633750280494498,846.0,135.33240350424148,-0.00872553128735376,2.0
MSFT,min_edge_to_cost_ratio=2.25,min_edge_to_cost_ratio,high,0.45,10.0,0.75,0.65,0.05,2.25,0.02,2026-02-18-realistic-costs-fill-psr-v6,2026-02-18T06:16:46.301939Z,-6623.261722945877,-1.2233956782555364,845.0,2325.8533797025684,-9900.0573371549,-7574.203957452332,3276.795614209023,3376.7382770541244,-7729.8351132164435,-1.0633750280494498,846.0,1106.573390270566,-0.16002065020608658,-1.0
MSFT,volume_participation_rate=0.01,volume_participation_rate,low,0.45,10.0,0.75,0.65,0.05,1.75,0.01,2026-02-18-realistic-costs-fill-psr-v6,2026-02-18T06:16:48.223211Z,-7729.8351132164435,-1.0633750280494498,846.0,2328.5857955455785,-10899.209275481495,-8570.623479935915,3169.3741622650514,2270.164886783561,-7729.8351132164435,-1.0633750280494498,846.0,0.0,0.0,0.0
MSFT,volume_participation_rate=0.05,volume_participation_rate,high,0.45,10.0,0.75,0.65,0.05,1.75,0.05,2026-02-18-realistic-costs-fill-psr-v6,2026-02-18T06:16:50.170387Z,-7729.8351132164435,-1.0633750280494498,846.0,2328.5857955455785,-10899.209275481495,-8570.623479935915,3169.3741622650514,2270.164886783561,-7729.8351132164435,-1.0633750280494498,846.0,0.0,0.0,0.0
QQQ,baseline,baseline,base,0.45,10.0,0.75,0.65,0.05,1.75,0.02,2026-02-18-realistic-costs-fill-psr-v6,2026-02-18T06:16:51.983615Z,12531.942517682659,2.9721746807457947,413.0,1137.8181905269623,11567.152598383314,12704.970788910277,964.789919299343,22531.942517682655,12531.942517682659,2.9721746807457947,413.0,0.0,0.0,0.0
QQQ,fill_gate=0.3,fill_gate,low,0.3,10.0,0.75,0.65,0.05,1.75,0.02,2026-02-18-realistic-costs-fill-psr-v6,2026-02-18T06:16:53.900618Z,12644.747371891652,2.9961626047880783,415.0,1143.3269567966463,11668.01129731887,12811.338254115517,976.7360745727808,22644.74737189165,12531.942517682659,2.9721746807457947,413.0,112.80485420899277,0.02398792404228356,2.0
QQQ,fill_gate=0.6,fill_gate,high,0.6,10.0,0.75,0.65,0.05,1.75,0.02,2026-02-18-realistic-costs-fill-psr-v6,2026-02-18T06:16:55.883467Z,12329.771638107053,2.944675671038781,413.0,1137.8153134584427,11364.98171880771,12502.797032266153,964.789919299343,22329.77163810705,12531.942517682659,2.9721746807457947,413.0,-202.1708795756058,-0.027499009707013577,0.0
QQQ,slippage_bps=5.0,slippage_bps,low,0.45,5.0,0.75,0.65,0.05,1.75,0.02,2026-02-18-realistic-costs-fill-psr-v6,2026-02-18T06:16:57.776659Z,11781.673419464372,2.7554231046686386,412.0,1135.07013463974,10253.858657513658,11388.928792153394,1527.814761950718,21781.673419464372,12531.942517682659,2.9721746807457947,413.0,-750.2690982182867,-0.21675157607715612,-1.0
QQQ,slippage_bps=15.0,slippage_bps,high,0.45,15.0,0.75,0.65,0.05,1.75,0.02,2026-02-18-realistic-costs-fill-psr-v6,2026-02-18T06:16:59.583894Z,11558.191438334901,2.7684854469282327,414.0,1140.1500478029252,10798.053019804604,11938.203067607526,760.1384185302975,21558.191438334907,12531.942517682659,2.9721746807457947,413.0,-973.7510793477577,-0.203689233817562,1.0
QQQ,spread_cross_fraction=0.55,spread_cross_fraction,low,0.45,10.0,0.55,0.65,0.05,1.75,0.02,2026-02-18-realistic-costs-fill-psr-v6,2026-02-18T06:17:01.364049Z,17109.53518621319,4.13662355080603,423.0,1164.977516412735,17987.02403452249,19152.001550935223,-877.4888483092961,27109.535186213187,12531.942517682659,2.9721746807457947,413.0,4577.592668530531,1.1644488700602356,10.0
QQQ,spread_cross_fraction=0.95,spread_cross_fraction,high,0.45,10.0,0.95,0.65,0.05,1.75,0.02,2026-02-18-realistic-costs-fill-psr-v6,2026-02-18T06:17:03.137227Z,7619.943302886486,2.1399673174547846,407.0,1121.3814855575563,7320.70598514049,8442.087470698045,299.2373177459963,17619.943302886488,12531.942517682659,2.9721746807457947,413.0,-4911.999214796173,-0.8322073632910101,-6.0
QQQ,option_commission_per_contract=0.35,option_commission_per_contract,low,0.45,10.0,0.75,0.35,0.05,1.75,0.02,2026-02-18-realistic-costs-fill-psr-v6,2026-02-18T06:17:04.957803Z,12254.291598797212,2.941851795709455,416.0,654.9049792289734,10785.246288817936,11440.15126804691,1469.0453099792758,22254.291598797216,12531.942517682659,2.9721746807457947,413.0,-277.650918885447,-0.03032288503633973,3.0
QQQ,option_commission_per_contract=0.95,option_commission_per_contract,high,0.45,10.0,0.75,0.95,0.05,1.75,0.02,2026-02-18-realistic-costs-fill-psr-v6,2026-02-18T06:17:06.869707Z,11814.749215786402,2.7901693888269508,414.0,1629.3926875591278,10695.686245602048,12325.078933161176,1119.062970184353,21814.749215786396,12531.942517682659,2.9721746807457947,413.0,-717.1933018962573,-0.18200529191884396,1.0
QQQ,option_fee_per_contract=0.01,option_fee_per_contract,low,0.45,10.0,0.75,0.65,0.01,1.75,0.02,2026-02-18-realistic-costs-fill-psr-v6,2026-02-18T06:17:08.738512Z,12596.960699998484,2.9867590442589496,413.0,1072.800008211136,11632.170780699142,12704.970788910277,964.789919299343,22596.96069999849,12531.942517682659,2.9721746807457947,413.0,65.01818231582547,0.014584363513154841,0.0
QQQ,option_fee_per_contract=0.1,option_fee_per_contract,high,0.45,10.0,0.75,0.65,0.1,1.75,0.02,2026-02-18-realistic-costs-fill-psr-v6,2026-02-18T06:17:10.628850Z,12222.097387676184,2.8813288168113496,414.0,1222.0445156693459,11103.03441749183,12325.078933161176,1119.062970184353,22222.09738767618,12531.942517682659,2.9721746807457947,413.0,-309.8451300064753,-0.09084586393444516,1.0
QQQ,min_edge_to_cost_ratio=1.25,min_edge_to_cost_ratio,low,0.45,10.0,0.75,0.65,0.05,1.25,0.02,2026-02-18-realistic-costs-fill-psr-v6,2026-02-18T06:17:12.171140Z,1450.440210187175,1.7172454289561971,3.0,8.284993195533753,1485.1971683475726,1493.4821615431065,-34.756958160397744,11450.440210187175,12531.942517682659,2.9721746807457947,413.0,-11081.502307495484,-1.2549292517895976,-410.0
QQQ,min_edge_to_cost_ratio=2.25,min_edge_to_cost_ratio,high,0.45,10.0,0.75,0.65,0.05,2.25,0.02,2026-02-18-realistic-costs-fill-psr-v6,2026-02-18T06:17:13.987436Z,1450.440210187175,1.7172454289561971,3.0,8.284993195533753,1485.1971683475726,1493.4821615431065,-34.756958160397744,11450.440210187175,12531.942517682659,2.9721746807457947,413.0,-11081.502307495484,-1.2549292517895976,-410.0
QQQ,volume_participation_rate=0.01,volume_participation_rate,low,0.45,10.0,0.75,0.65,0.05,1.75,0.01,2026-02-18-realistic-costs-fill-psr-v6,2026-02-18T06:17:15.828952Z,1450.440210187175,1.7172454289561971,3.0,8.284993195533753,1485.1971683475726,1493.4821615431065,-34.756958160397744,11450.440210187175,12531.942517682659,2.9721746807457947,413.0,-11081.502307495484,-1.2549292517895976,-410.0
QQQ,volume_participation_rate=0.05,volume_participation_rate,high,0.45,10.0,0.75,0.65,0.05,1.75,0.05,2026-02-18-realistic-costs-fill-psr-v6,2026-02-18T06:17:17.929833Z,1450.440210187175,1.7172454289561971,3.0,8.284993195533753,1485.1971683475726,1493.4821615431065,-34.756958160397744,11450.440210187175,12531.942517682659,2.9721746807457947,413.0,-11081.502307495484,-1.2549292517895976,-410.0
SPY,baseline,baseline,base,0.45,10.0,0.75,0.65,0.05,1.75,0.02,2026-02-18-realistic-costs-fill-psr-v6,2026-02-18T06:17:19.602830Z,-223.5106327848795,-1.086252063092214,3.0,8.266000103950502,-312.3109009733568,-304.04490086940626,88.80026818847728,9776.489367215121,-223.5106327848795,-1.086252063092214,3.0,0.0,0.0,0.0
SPY,fill_gate=0.3,fill_gate,low,0.3,10.0,0.75,0.65,0.05,1.75,0.02,2026-02-18-realistic-costs-fill-psr-v6,2026-02-18T06:17:21.439037Z,-223.5106327848795,-1.086252063092214,3.0,8.266000103950502,-312.3109009733568,-304.04490086940626,88.80026818847728,9776.489367215121,-223.5106327848795,-1.086252063092214,3.0,0.0,0.0,0.0
SPY,fill_gate=0.6,fill_gate,high,0.6,10.0,0.75,0.65,0.05,1.75,0.02,2026-02-18-realistic-costs-fill-psr-v6,2026-02-18T06:17:23.342738Z,-223.5106327848795,-1.086252063092214,3.0,8.266000103950502,-312.3109009733568,-304.04490086940626,88.80026818847728,9776.489367215121,-223.5106327848795,-1.086252063092214,3.0,0.0,0.0,0.0
SPY,slippage_bps=5.0,slippage_bps,low,0.45,5.0,0.75,0.65,0.05,1.75,0.02,2026-02-18-realistic-costs-fill-psr-v6,2026-02-18T06:17:24.943667Z,-221.77501344689992,-1.0802879611086877,3.0,8.266000103950502,-310.5752816353772,-302.3092815314267,88.80026818847728,9778.2249865531,-223.5106327848795,-1.086252063092214,3.0,1.7356193379795855,0.005964101983526149,0.0
SPY,slippage_bps=15.0,slippage_bps,high,0.45,15.0,0.75,0.65,0.05,1.75,0.02,2026-02-18-realistic-costs-fill-psr-v6,2026-02-18T06:17:27.038286Z,-225.24625212285926,-1.0921676949337444,3.0,8.266000103950502,-314.0465203113365,-305.7805202073861,88.80026818847728,9774.753747877141,-223.5106327848795,-1.086252063092214,3.0,-1.735619337979756,-0.005915631841530544,0.0
SPY,spread_cross_fraction=0.55,spread_cross_fraction,low,0.45,10.0,0.55,0.65,0.05,1.75,0.02,2026-02-18-realistic-costs-fill-psr-v6,2026-02-18T06:17:28.641123Z,-217.8898128154649,-1.067918228487992,3.0,8.266000103950502,-306.69008100394217,-298.4240808999917,88.80026818847728,9782.110187184535,-223.5106327848795,-1.086252063092214,3.0,5.620819969414612,0.018333834604221888,0.0
SPY,spread_cross_fraction=0.95,spread_cross_fraction,high,0.45,10.0,0.95,0.65,0.05,1.75,0.02,2026-02-18-realistic-costs-fill-psr-v6,2026-02-18T06:17:30.269830Z,-229.13145275429463,-1.1040187773122148,3.0,8.266000103950502,-317.9317209427719,-309.6657208388214,88.80026818847728,9770.868547245705,-223.5106327848795,-1.086252063092214,3.0,-5.620819969415123,-0.017766714220000868,0.0
SPY,option_commission_per_contract=0.35,option_commission_per_contract,low,0.45,10.0,0.75,0.35,0.05,1.75,0.02,2026-02-18-realistic-costs-fill-psr-v6,2026-02-18T06:17:32.402844Z,-219.96806131175785,-1.0753312935831363,3.0,4.723428630828857,-308.7683295002351,-304.04490086940626,88.80026818847728,9780.031938688242,-223.5106327848795,-1.086252063092214,3.0,3.5425714731216544,0.01092076950907761,0.0
SPY,option_commission_per_contract=0.95,option_commission_per_contract,high,0.45,10.0,0.75,0.95,0.05,1.75,0.02,2026-02-18-realistic-costs-fill-psr-v6,2026-02-18T06:17:34.027399Z,-227.05320425800113,-1.0969778338612517,3.0,11.808571577072144,-315.8534724464784,-304.04490086940626,88.80026818847728,9772.946795741998,-223.5106327848795,-1.086252063092214,3.0,-3.542571473121626,-0.010725770769037801,0.0
SPY,option_fee_per_contract=0.01,option_fee_per_contract,low,0.45,10.0,0.75,0.65,0.01,1.75,0.02,2026-02-18-realistic-costs-fill-psr-v6,2026-02-18T06:17:35.572639Z,-223.0382899217966,-1.0848072863255864,3.0,7.793657240867615,-311.8385581102739,-304.04490086940626,88.80026818847728,9776.961710078203,-223.5106327848795,-1.086252063092214,3.0,0.4723428630829005,0.0014447767666274647,0.0
SPY,option_fee_per_contract=0.1,option_fee_per_contract,high,0.45,10.0,0.75,0.65,0.1,1.75,0.02,2026-02-18-realistic-costs-fill-psr-v6,2026-02-18T06:17:37.064958Z,-224.1010613637331,-1.0880531597626681,3.0,8.856428682804108,-312.90132955221037,-304.04490086940626,88.80026818847728,9775.898938636266,-223.5106327848795,-1.086252063092214,3.0,-0.5904285788535901,-0.0018010966704542497,0.0
SPY,min_edge_to_cost_ratio=1.25,min_edge_to_cost_ratio,low,0.45,10.0,0.75,0.65,0.05,1.25,0.02,2026-02-18-realistic-costs-fill-psr-v6,2026-02-18T06:17:38.536280Z,-223.5106327848795,-1.086252063092214,3.0,8.266000103950502,-312.3109009733568,-304.04490086940626,88.80026818847728,9776.489367215121,-223.5106327848795,-1.086252063092214,3.0,0.0,0.0,0.0
SPY,min_edge_to_cost_ratio=2.25,min_edge_to_cost_ratio,high,0.45,10.0,0.75,0.65,0.05,2.25,0.02,2026-02-18-realistic-costs-fill-psr-v6,2026-02-18T06:17:40.025078Z,-223.5106327848795,-1.086252063092214,3.0,8.266000103950502,-312.3109009733568,-304.04490086940626,88.80026818847728,9776.489367215121,-223.5106327848795,-1.086252063092214,3.0,0.0,0.0,0.0
SPY,volume_participation_rate=0.01,volume_participation_rate,low,0.45,10.0,0.75,0.65,0.05,1.75,0.01,2026-02-18-realistic-costs-fill-psr-v6,2026-02-18T06:17:41.515089Z,-223.5106327848795,-1.086252063092214,3.0,8.266000103950502,-312.3109009733568,-304.04490086940626,88.80026818847728,9776.489367215121,-223.5106327848795,-1.086252063092214,3.0,0.0,0.0,0.0
SPY,volume_participation_rate=0.05,volume_participation_rate,high,0.45,10.0,0.75,0.65,0.05,1.75,0.05,2026-02-18-realistic-costs-fill-psr-v6,2026-02-18T06:17:43.009157Z,-223.5106327848795,-1.086252063092214,3.0,8.266000103950502,-312.3109009733568,-304.04490086940626,88.80026818847728,9776.489367215121,-223.5106327848795,-1.086252063092214,3.0,0.0,0.0,0.0
