symbol,scenario,param,level,fill_gate,slippage_bps,spread_cross_fraction,option_commission_per_contract,option_fee_per_contract,min_edge_to_cost_ratio,volume_participation_rate,device,signal_abs_gate,strategy_mode,long_score_scale,allow_long_puts,vertical_skip_if_no_wing,hedge_underlying_delta,max_trades_per_day,total_pnl,daily_sharpe,trades,baseline_total_pnl,baseline_daily_sharpe,baseline_trades,delta_total_pnl,delta_daily_sharpe,delta_trades
AAPL,baseline,baseline,base,0.45,10.0,0.75,0.65,0.05,1.75,0.02,cpu,0.04,vertical,1.0,True,True,True,5,4245.699995889352,1.889704309761367,805.0,4245.699995889352,1.889704309761367,805.0,0.0,0.0,0.0
AAPL,fill_gate=0.3,fill_gate,low,0.3,10.0,0.75,0.65,0.05,1.75,0.02,cpu,0.04,vertical,1.0,True,True,True,5,4543.779876773094,2.0274180646867026,805.0,4245.699995889352,1.889704309761367,805.0,298.0798808837417,0.13771375492533555,0.0
AAPL,fill_gate=0.6,fill_gate,high,0.6,10.0,0.75,0.65,0.05,1.75,0.02,cpu,0.04,vertical,1.0,True,True,True,5,4021.9080116700934,1.8849706179416361,806.0,4245.699995889352,1.889704309761367,805.0,-223.79198421925867,-0.004733691819730934,1.0
AAPL,slippage_bps=5.0,slippage_bps,low,0.45,5.0,0.75,0.65,0.05,1.75,0.02,cpu,0.04,vertical,1.0,True,True,True,5,5405.43025893999,2.3508356200349088,808.0,4245.699995889352,1.889704309761367,805.0,1159.7302630506383,0.4611313102735417,3.0
AAPL,slippage_bps=15.0,slippage_bps,high,0.45,15.0,0.75,0.65,0.05,1.75,0.02,cpu,0.04,vertical,1.0,True,True,True,5,2996.1367946660635,1.419465356718265,819.0,4245.699995889352,1.889704309761367,805.0,-1249.5632012232886,-0.47023895304310215,14.0
AAPL,spread_cross_fraction=0.55,spread_cross_fraction,low,0.45,10.0,0.55,0.65,0.05,1.75,0.02,cpu,0.04,vertical,1.0,True,True,True,5,6334.163721512101,2.626157388834962,807.0,4245.699995889352,1.889704309761367,805.0,2088.463725622749,0.736453079073595,2.0
AAPL,spread_cross_fraction=0.95,spread_cross_fraction,high,0.45,10.0,0.95,0.65,0.05,1.75,0.02,cpu,0.04,vertical,1.0,True,True,True,5,-526.5081496526523,-0.14008742676289582,823.0,4245.699995889352,1.889704309761367,805.0,-4772.208145542005,-2.029791736524263,18.0
AAPL,option_commission_per_contract=0.35,option_commission_per_contract,low,0.45,10.0,0.75,0.35,0.05,1.75,0.02,cpu,0.04,vertical,1.0,True,True,True,5,5379.876231664432,2.366949755307128,805.0,4245.699995889352,1.889704309761367,805.0,1134.1762357750804,0.47724544554576087,0.0
AAPL,option_commission_per_contract=0.95,option_commission_per_contract,high,0.45,10.0,0.75,0.95,0.05,1.75,0.02,cpu,0.04,vertical,1.0,True,True,True,5,3504.63286309631,1.587227299325167,805.0,4245.699995889352,1.889704309761367,805.0,-741.0671327930422,-0.3024770104362,0.0
AAPL,option_fee_per_contract=0.01,option_fee_per_contract,low,0.45,10.0,0.75,0.65,0.01,1.75,0.02,cpu,0.04,vertical,1.0,True,True,True,5,4580.1792176857725,2.0352171488267974,805.0,4245.699995889352,1.889704309761367,805.0,334.47922179642046,0.14551283906543033,0.0
AAPL,option_fee_per_contract=0.1,option_fee_per_contract,high,0.45,10.0,0.75,0.65,0.1,1.75,0.02,cpu,0.04,vertical,1.0,True,True,True,5,4295.475770882679,1.916974703869224,805.0,4245.699995889352,1.889704309761367,805.0,49.775774993327104,0.02727039410785692,0.0
AAPL,min_edge_to_cost_ratio=1.25,min_edge_to_cost_ratio,low,0.45,10.0,0.75,0.65,0.05,1.25,0.02,cpu,0.04,vertical,1.0,True,True,True,5,4612.037850677607,2.044353492162759,804.0,4245.699995889352,1.889704309761367,805.0,366.33785478825484,0.15464918240139203,-1.0
AAPL,min_edge_to_cost_ratio=2.25,min_edge_to_cost_ratio,high,0.45,10.0,0.75,0.65,0.05,2.25,0.02,cpu,0.04,vertical,1.0,True,True,True,5,3607.20522891885,1.7226005141630119,808.0,4245.699995889352,1.889704309761367,805.0,-638.494766970502,-0.1671037955983552,3.0
AAPL,volume_participation_rate=0.01,volume_participation_rate,low,0.45,10.0,0.75,0.65,0.05,1.75,0.01,cpu,0.04,vertical,1.0,True,True,True,5,4453.644352439953,1.9826981107581352,805.0,4245.699995889352,1.889704309761367,805.0,207.9443565506008,0.09299380099676813,0.0
AAPL,volume_participation_rate=0.05,volume_participation_rate,high,0.45,10.0,0.75,0.65,0.05,1.75,0.05,cpu,0.04,vertical,1.0,True,True,True,5,4453.644352439953,1.9826981107581352,805.0,4245.699995889352,1.889704309761367,805.0,207.9443565506008,0.09299380099676813,0.0
MSFT,baseline,baseline,base,0.45,10.0,0.75,0.65,0.05,1.75,0.02,cpu,0.04,vertical,1.0,True,True,True,5,-2825.0337605243567,-0.49828905882503277,847.0,-2825.0337605243567,-0.49828905882503277,847.0,0.0,0.0,0.0
MSFT,fill_gate=0.3,fill_gate,low,0.3,10.0,0.75,0.65,0.05,1.75,0.02,cpu,0.04,vertical,1.0,True,True,True,5,-2825.0337605243567,-0.49828905882503277,847.0,-2825.0337605243567,-0.49828905882503277,847.0,0.0,0.0,0.0
MSFT,fill_gate=0.6,fill_gate,high,0.6,10.0,0.75,0.65,0.05,1.75,0.02,cpu,0.04,vertical,1.0,True,True,True,5,-2825.0337605243567,-0.49828905882503277,847.0,-2825.0337605243567,-0.49828905882503277,847.0,0.0,0.0,0.0
MSFT,slippage_bps=5.0,slippage_bps,low,0.45,5.0,0.75,0.65,0.05,1.75,0.02,cpu,0.04,vertical,1.0,True,True,True,5,-1039.1010042342523,-0.06624270151915637,850.0,-2825.0337605243567,-0.49828905882503277,847.0,1785.9327562901044,0.43204635730587637,3.0
MSFT,slippage_bps=15.0,slippage_bps,high,0.45,15.0,0.75,0.65,0.05,1.75,0.02,cpu,0.04,vertical,1.0,True,True,True,5,-4459.87514166444,-0.7492959041393595,845.0,-2825.0337605243567,-0.49828905882503277,847.0,-1634.8413811400833,-0.25100684531432677,-2.0
MSFT,spread_cross_fraction=0.55,spread_cross_fraction,low,0.45,10.0,0.55,0.65,0.05,1.75,0.02,cpu,0.04,vertical,1.0,True,True,True,5,4104.096720138518,1.2242866645169976,858.0,-2825.0337605243567,-0.49828905882503277,847.0,6929.130480662875,1.7225757233420305,11.0
MSFT,spread_cross_fraction=0.95,spread_cross_fraction,high,0.45,10.0,0.95,0.65,0.05,1.75,0.02,cpu,0.04,vertical,1.0,True,True,True,5,-9385.597684929287,0.9659730325063677,844.0,-2825.0337605243567,-0.49828905882503277,847.0,-6560.563924404931,1.4642620913314004,-3.0
MSFT,option_commission_per_contract=0.35,option_commission_per_contract,low,0.45,10.0,0.75,0.35,0.05,1.75,0.02,cpu,0.04,vertical,1.0,True,True,True,5,-1606.4359857026782,-0.21546849599398726,846.0,-2825.0337605243567,-0.49828905882503277,847.0,1218.5977748216785,0.2828205628310455,-1.0
MSFT,option_commission_per_contract=0.95,option_commission_per_contract,high,0.45,10.0,0.75,0.95,0.05,1.75,0.02,cpu,0.04,vertical,1.0,True,True,True,5,-3920.8632923598248,-0.7309337400297867,847.0,-2825.0337605243567,-0.49828905882503277,847.0,-1095.829531835468,-0.23264468120475396,0.0
MSFT,option_fee_per_contract=0.01,option_fee_per_contract,low,0.45,10.0,0.75,0.65,0.01,1.75,0.02,cpu,0.04,vertical,1.0,True,True,True,5,-2691.8173079925423,-0.46785620951602497,847.0,-2825.0337605243567,-0.49828905882503277,847.0,133.2164525318144,0.030432849309007803,0.0
MSFT,option_fee_per_contract=0.1,option_fee_per_contract,high,0.45,10.0,0.75,0.65,0.1,1.75,0.02,cpu,0.04,vertical,1.0,True,True,True,5,-2991.5543261891257,-0.5358523713059015,847.0,-2825.0337605243567,-0.49828905882503277,847.0,-166.52056566476904,-0.037563312480868694,0.0
MSFT,min_edge_to_cost_ratio=1.25,min_edge_to_cost_ratio,low,0.45,10.0,0.75,0.65,0.05,1.25,0.02,cpu,0.04,vertical,1.0,True,True,True,5,-3761.473798841512,-0.6957383401770932,856.0,-2825.0337605243567,-0.49828905882503277,847.0,-936.4400383171551,-0.19744928135206047,9.0
MSFT,min_edge_to_cost_ratio=2.25,min_edge_to_cost_ratio,high,0.45,10.0,0.75,0.65,0.05,2.25,0.02,cpu,0.04,vertical,1.0,True,True,True,5,-2569.482384012391,-0.4465811934904402,841.0,-2825.0337605243567,-0.49828905882503277,847.0,255.55137651196583,0.051707865334592595,-6.0
MSFT,volume_participation_rate=0.01,volume_participation_rate,low,0.45,10.0,0.75,0.65,0.05,1.75,0.01,cpu,0.04,vertical,1.0,True,True,True,5,-2825.0337605243567,-0.49828905882503277,847.0,-2825.0337605243567,-0.49828905882503277,847.0,0.0,0.0,0.0
MSFT,volume_participation_rate=0.05,volume_participation_rate,high,0.45,10.0,0.75,0.65,0.05,1.75,0.05,cpu,0.04,vertical,1.0,True,True,True,5,-2825.0337605243567,-0.49828905882503277,847.0,-2825.0337605243567,-0.49828905882503277,847.0,0.0,0.0,0.0
QQQ,baseline,baseline,base,0.45,10.0,0.75,0.65,0.05,1.75,0.02,cpu,0.04,vertical,1.0,True,True,True,5,11434.084679160063,3.2678218594631048,397.0,11434.084679160063,3.2678218594631048,397.0,0.0,0.0,0.0
QQQ,fill_gate=0.3,fill_gate,low,0.3,10.0,0.75,0.65,0.05,1.75,0.02,cpu,0.04,vertical,1.0,True,True,True,5,11823.112437546948,3.3616833890547912,400.0,11434.084679160063,3.2678218594631048,397.0,389.02775838688467,0.09386152959168648,3.0
QQQ,fill_gate=0.6,fill_gate,high,0.6,10.0,0.75,0.65,0.05,1.75,0.02,cpu,0.04,vertical,1.0,True,True,True,5,11434.084679160063,3.2678218594631048,397.0,11434.084679160063,3.2678218594631048,397.0,0.0,0.0,0.0
QQQ,slippage_bps=5.0,slippage_bps,low,0.45,5.0,0.75,0.65,0.05,1.75,0.02,cpu,0.04,vertical,1.0,True,True,True,5,10996.60961507375,3.1917636257326354,394.0,11434.084679160063,3.2678218594631048,397.0,-437.47506408631307,-0.07605823373046938,-3.0
QQQ,slippage_bps=15.0,slippage_bps,high,0.45,15.0,0.75,0.65,0.05,1.75,0.02,cpu,0.04,vertical,1.0,True,True,True,5,11136.923689703131,3.0987156181026045,402.0,11434.084679160063,3.2678218594631048,397.0,-297.16098945693193,-0.16910624136050023,5.0
QQQ,spread_cross_fraction=0.55,spread_cross_fraction,low,0.45,10.0,0.55,0.65,0.05,1.75,0.02,cpu,0.04,vertical,1.0,True,True,True,5,16479.32534292875,4.318435529012754,424.0,11434.084679160063,3.2678218594631048,397.0,5045.240663768687,1.0506136695496489,27.0
QQQ,spread_cross_fraction=0.95,spread_cross_fraction,high,0.45,10.0,0.95,0.65,0.05,1.75,0.02,cpu,0.04,vertical,1.0,True,True,True,5,10183.190012303556,2.918178540768908,396.0,11434.084679160063,3.2678218594631048,397.0,-1250.8946668565077,-0.34964331869419674,-1.0
QQQ,option_commission_per_contract=0.35,option_commission_per_contract,low,0.45,10.0,0.75,0.35,0.05,1.75,0.02,cpu,0.04,vertical,1.0,True,True,True,5,11902.814473614639,3.393483753155176,397.0,11434.084679160063,3.2678218594631048,397.0,468.7297944545753,0.12566189369207104,0.0
QQQ,option_commission_per_contract=0.95,option_commission_per_contract,high,0.45,10.0,0.75,0.95,0.05,1.75,0.02,cpu,0.04,vertical,1.0,True,True,True,5,11046.706228307128,3.162474071844179,397.0,11434.084679160063,3.2678218594631048,397.0,-387.3784508529352,-0.10534778761892571,0.0
QQQ,option_fee_per_contract=0.01,option_fee_per_contract,low,0.45,10.0,0.75,0.65,0.01,1.75,0.02,cpu,0.04,vertical,1.0,True,True,True,5,11496.581985087341,3.284607398045507,397.0,11434.084679160063,3.2678218594631048,397.0,62.49730592727792,0.016785538582402282,0.0
QQQ,option_fee_per_contract=0.1,option_fee_per_contract,high,0.45,10.0,0.75,0.65,0.1,1.75,0.02,cpu,0.04,vertical,1.0,True,True,True,5,11355.96304675097,3.2468271402743034,397.0,11434.084679160063,3.2678218594631048,397.0,-78.12163240909285,-0.02099471918880136,0.0
QQQ,min_edge_to_cost_ratio=1.25,min_edge_to_cost_ratio,low,0.45,10.0,0.75,0.65,0.05,1.25,0.02,cpu,0.04,vertical,1.0,True,True,True,5,11951.274552377085,3.3810289118580052,405.0,11434.084679160063,3.2678218594631048,397.0,517.1898732170212,0.11320705239490048,8.0
QQQ,min_edge_to_cost_ratio=2.25,min_edge_to_cost_ratio,high,0.45,10.0,0.75,0.65,0.05,2.25,0.02,cpu,0.04,vertical,1.0,True,True,True,5,11173.897514519296,3.2015262070641883,385.0,11434.084679160063,3.2678218594631048,397.0,-260.18716464076715,-0.06629565239891644,-12.0
QQQ,volume_participation_rate=0.01,volume_participation_rate,low,0.45,10.0,0.75,0.65,0.05,1.75,0.01,cpu,0.04,vertical,1.0,True,True,True,5,11434.084679160063,3.2678218594631048,397.0,11434.084679160063,3.2678218594631048,397.0,0.0,0.0,0.0
QQQ,volume_participation_rate=0.05,volume_participation_rate,high,0.45,10.0,0.75,0.65,0.05,1.75,0.05,cpu,0.04,vertical,1.0,True,True,True,5,11434.084679160063,3.2678218594631048,397.0,11434.084679160063,3.2678218594631048,397.0,0.0,0.0,0.0
SPY,baseline,baseline,base,0.45,10.0,0.75,0.65,0.05,1.75,0.02,cpu,0.04,vertical,1.0,True,True,True,5,1926.213500154534,1.0119737587795008,398.0,1926.213500154534,1.0119737587795008,398.0,0.0,0.0,0.0
SPY,fill_gate=0.3,fill_gate,low,0.3,10.0,0.75,0.65,0.05,1.75,0.02,cpu,0.04,vertical,1.0,True,True,True,5,1926.213500154534,1.0119737587795008,398.0,1926.213500154534,1.0119737587795008,398.0,0.0,0.0,0.0
SPY,fill_gate=0.6,fill_gate,high,0.6,10.0,0.75,0.65,0.05,1.75,0.02,cpu,0.04,vertical,1.0,True,True,True,5,1964.0803135202086,1.0286547573009635,399.0,1926.213500154534,1.0119737587795008,398.0,37.866813365674716,0.016680998521462653,1.0
SPY,slippage_bps=5.0,slippage_bps,low,0.45,5.0,0.75,0.65,0.05,1.75,0.02,cpu,0.04,vertical,1.0,True,True,True,5,1977.4163070148634,1.0441566647757108,399.0,1926.213500154534,1.0119737587795008,398.0,51.202806860329474,0.03218290599620999,1.0
SPY,slippage_bps=15.0,slippage_bps,high,0.45,15.0,0.75,0.65,0.05,1.75,0.02,cpu,0.04,vertical,1.0,True,True,True,5,2114.084565550069,1.1017525223267246,394.0,1926.213500154534,1.0119737587795008,398.0,187.87106539553497,0.0897787635472238,-4.0
SPY,spread_cross_fraction=0.55,spread_cross_fraction,low,0.45,10.0,0.55,0.65,0.05,1.75,0.02,cpu,0.04,vertical,1.0,True,True,True,5,4680.32853954243,2.1684152565943084,410.0,1926.213500154534,1.0119737587795008,398.0,2754.115039387896,1.1564414978148077,12.0
SPY,spread_cross_fraction=0.95,spread_cross_fraction,high,0.45,10.0,0.95,0.65,0.05,1.75,0.02,cpu,0.04,vertical,1.0,True,True,True,5,-126.3687013359347,0.041599695633014494,391.0,1926.213500154534,1.0119737587795008,398.0,-2052.582201490469,-0.9703740631464863,-7.0
SPY,option_commission_per_contract=0.35,option_commission_per_contract,low,0.45,10.0,0.75,0.35,0.05,1.75,0.02,cpu,0.04,vertical,1.0,True,True,True,5,2099.9240273294645,1.0934629298506562,399.0,1926.213500154534,1.0119737587795008,398.0,173.71052717493058,0.08148917107115539,1.0
SPY,option_commission_per_contract=0.95,option_commission_per_contract,high,0.45,10.0,0.75,0.95,0.05,1.75,0.02,cpu,0.04,vertical,1.0,True,True,True,5,1456.6524347668083,0.7933502350005032,398.0,1926.213500154534,1.0119737587795008,398.0,-469.56106538772565,-0.21862352377899763,0.0
SPY,option_fee_per_contract=0.01,option_fee_per_contract,low,0.45,10.0,0.75,0.65,0.01,1.75,0.02,cpu,0.04,vertical,1.0,True,True,True,5,1988.8216422062308,1.040993291698741,398.0,1926.213500154534,1.0119737587795008,398.0,62.60814205169686,0.0290195329192402,0.0
SPY,option_fee_per_contract=0.1,option_fee_per_contract,high,0.45,10.0,0.75,0.65,0.1,1.75,0.02,cpu,0.04,vertical,1.0,True,True,True,5,1847.9533225899131,0.9756558443251754,398.0,1926.213500154534,1.0119737587795008,398.0,-78.26017756462079,-0.03631791445432542,0.0
SPY,min_edge_to_cost_ratio=1.25,min_edge_to_cost_ratio,low,0.45,10.0,0.75,0.65,0.05,1.25,0.02,cpu,0.04,vertical,1.0,True,True,True,5,1668.172458072311,0.8932462079687662,400.0,1926.213500154534,1.0119737587795008,398.0,-258.04104208222293,-0.1187275508107346,2.0
SPY,min_edge_to_cost_ratio=2.25,min_edge_to_cost_ratio,high,0.45,10.0,0.75,0.65,0.05,2.25,0.02,cpu,0.04,vertical,1.0,True,True,True,5,1066.660600309829,0.6024944748408051,388.0,1926.213500154534,1.0119737587795008,398.0,-859.5528998447048,-0.4094792839386957,-10.0
SPY,volume_participation_rate=0.01,volume_participation_rate,low,0.45,10.0,0.75,0.65,0.05,1.75,0.01,cpu,0.04,vertical,1.0,True,True,True,5,1926.213500154534,1.0119737587795008,398.0,1926.213500154534,1.0119737587795008,398.0,0.0,0.0,0.0
SPY,volume_participation_rate=0.05,volume_participation_rate,high,0.45,10.0,0.75,0.65,0.05,1.75,0.05,cpu,0.04,vertical,1.0,True,True,True,5,1926.213500154534,1.0119737587795008,398.0,1926.213500154534,1.0119737587795008,398.0,0.0,0.0,0.0
