stage,epoch,loss,recon_loss,kl_loss,calendar_loss,val_recon_loss,dyn_loss,price_loss,exec_loss,val_dyn_loss,val_price_loss,val_exec_loss
vae,1,0.9807364046573639,0.9798684418201447,0.04339844329903523,3.451813415540165e-12,0.7497625946998596,,,,,,
vae,2,0.7162153671185175,0.6964484502871832,0.9883453647295634,1.2713009080641177e-08,0.6628645658493042,,,,,,
vae,3,0.4957510183254878,0.47326933840910596,1.124084363381068,8.996971520150327e-09,0.5736169815063477,,,,,,
vae,4,0.47064367433389026,0.446938157081604,1.1852757930755615,7.762682252062994e-09,0.5104193091392517,,,,,,
vae,5,0.3686324954032898,0.34094010293483734,1.384619692961375,6.11793632623638e-09,0.4444230794906616,,,,,,
vae,6,0.3433202803134918,0.3185063302516937,1.2406974732875824,1.6648512863454146e-10,0.42321276664733887,,,,,,
vae,7,0.3221241633097331,0.29723351697127026,1.2445325354735057,1.9772827608089197e-09,0.4084864854812622,,,,,,
vae,8,0.3081720769405365,0.2832586169242859,1.2456727921962738,3.498091631174797e-10,0.4245205521583557,,,,,,
vae,9,0.29577693343162537,0.27219800154368085,1.1789467136065166,2.3141392621606194e-10,0.4200548529624939,,,,,,
vae,10,0.28497060388326645,0.2633255993326505,1.082250436147054,4.3954981437018446e-11,0.4188920557498932,,,,,,
vae,11,0.2878121038277944,0.2663162226478259,1.074794242779414,7.721861369909534e-10,0.41201338171958923,,,,,,
vae,12,0.2785300438602765,0.25736552228530246,1.0582260191440582,6.018026878334045e-10,0.4157531261444092,,,,,,
vae,13,0.27459409832954407,0.251790389418602,1.1401854554812114,2.439736302162672e-10,0.4125369191169739,,,,,,
vae,14,0.2721581757068634,0.24829818060000738,1.1929997603098552,4.941354445484163e-10,0.40712660551071167,,,,,,
vae,15,0.2606622651219368,0.23647420356671014,1.2094032367070515,3.666644704330112e-10,0.39000391960144043,,,,,,
vae,16,0.25512052079041797,0.23050177842378616,1.2309370239575703,9.704974061076437e-10,0.37870001792907715,,,,,,
vae,17,0.2671104446053505,0.24214042474826178,1.2485008239746094,1.391934761896252e-10,0.3914107084274292,,,,,,
vae,18,0.28100956976413727,0.25857241451740265,1.1218579312165577,9.444685973696483e-10,0.41201725602149963,,,,,,
vae,19,0.25230644394954044,0.22584330042203268,1.3231572111447651,8.63642803106135e-11,0.3506891429424286,,,,,,
vae,20,0.2307546635468801,0.203676608701547,1.3539026776949565,2.559529287734369e-10,0.3329070508480072,,,,,,
vae,21,0.2346731200814247,0.20765612026055655,1.3508501251538594,4.4047999044523795e-10,0.3315686881542206,,,,,,
vae,22,0.2168176348010699,0.1888821671406428,1.3967733184496562,1.152018032328737e-09,0.313353568315506,,,,,,
vae,23,0.21484213570753732,0.18914470573266348,1.2848715682824452,1.3357673634729894e-09,0.31573203206062317,,,,,,
vae,24,0.2043765808145205,0.1786177655061086,1.287940800189972,1.8141030433491828e-09,0.31236574053764343,,,,,,
vae,25,0.19910785555839539,0.1730671301484108,1.3020363052686055,5.315856781816739e-10,0.29343828558921814,,,,,,
vae,26,0.20023874938488007,0.17296660939852396,1.363607108592987,9.309420075098718e-11,0.28289416432380676,,,,,,
vae,27,0.19519434372584024,0.16700038065512976,1.4096980889638264,1.6280278060272029e-09,0.2908116579055786,,,,,,
vae,28,0.19330653548240662,0.16574039310216904,1.3783071835835774,9.985257479801918e-10,0.2841489017009735,,,,,,
vae,29,0.1890547275543213,0.1611452872554461,1.395472268263499,1.3852379200304799e-09,0.27514711022377014,,,,,,
vae,30,0.18399921307961145,0.15805415560801825,1.297252933184306,4.204543611422788e-10,0.27913418412208557,,,,,,
vae,31,0.18210321416457495,0.1555581415692965,1.3272538781166077,3.400376622799111e-10,0.2730496823787689,,,,,,
vae,32,0.17602048069238663,0.14860807607571283,1.3706202308336894,1.2284612676063955e-09,0.2799500823020935,,,,,,
vae,33,0.17186391105254492,0.14592136070132256,1.297127604484558,5.840863776436963e-10,0.28133440017700195,,,,,,
vae,34,0.17806478341420492,0.15073534349600473,1.3664719661076863,1.2689077786195064e-09,0.27919667959213257,,,,,,
vae,35,0.17876442273457846,0.1525978979965051,1.3083263039588928,5.705646441422907e-10,0.2771044969558716,,,,,,
vae,36,0.17953174809614816,0.15198336044947305,1.3774195114771526,2.191548119483596e-09,0.2673943042755127,,,,,,
vae,37,0.17421483745177588,0.1479356735944748,1.3139583269755046,8.073556146542815e-10,0.2731814384460449,,,,,,
vae,38,0.18326387802759805,0.15818615754445395,1.253886083761851,2.6410439600820237e-09,0.27289822697639465,,,,,,
vae,39,0.1711981644233068,0.14490457500020662,1.3146795233090718,1.1605248313265963e-09,0.26455333828926086,,,,,,
vae,40,0.16984330117702484,0.1428599233428637,1.3491688172022502,2.3755327850170853e-09,0.26141589879989624,,,,,,
vae,41,0.17571021864811578,0.14686091368397078,1.4424651861190796,1.8276394656939014e-09,0.2582266926765442,,,,,,
vae,42,0.17067178587118784,0.14197216928005219,1.4349809288978577,9.142074065363973e-10,0.2571919560432434,,,,,,
vae,43,0.1603031332294146,0.13282227764527002,1.3740427891413372,1.032519274362283e-09,0.25635749101638794,,,,,,
vae,44,0.1594200680653254,0.13170992831389108,1.385507047176361,2.6565686503908503e-09,0.2545314431190491,,,,,,
vae,45,0.15711458524068198,0.1303826297322909,1.3365978995958965,2.2268685301423305e-09,0.24675191938877106,,,,,,
vae,46,0.1594635471701622,0.13169563189148903,1.3883956869443257,1.735847633601434e-09,0.2456400990486145,,,,,,
vae,47,0.15901950001716614,0.1309062267343203,1.4056635896364849,1.8257555374952734e-09,0.2483321875333786,,,,,,
vae,48,0.15666082749764124,0.12941202024618784,1.3624403874079387,1.5053602374285621e-09,0.2568111717700958,,,,,,
vae,49,0.15338806807994843,0.125593780229489,1.3897144397099812,1.2960432888573306e-09,0.2587681710720062,,,,,,
vae,50,0.14557105054457983,0.11874650915463765,1.3412270148595173,1.231597769081605e-09,0.25139421224594116,,,,,,
vae,51,0.1493308295806249,0.12215493743618329,1.3587945699691772,1.807146228956687e-09,0.2513617277145386,,,,,,
vae,52,0.14599608878294626,0.11848203713695209,1.3757025202115376,4.128482590515237e-09,0.2536087930202484,,,,,,
vae,53,0.14712476233641306,0.11930489167571068,1.3909935156504314,1.5876645461284273e-09,0.2399999350309372,,,,,,
vae,54,0.13830305387576422,0.10866375640034676,1.4819648663202922,3.818890842444134e-09,0.23035407066345215,,,,,,
vae,55,0.14568828543027243,0.11729912956555684,1.4194576541582744,1.2812355424292783e-09,0.22919338941574097,,,,,,
vae,56,0.14130081608891487,0.11114991704622905,1.507545034090678,2.0210324143399294e-09,0.2329363226890564,,,,,,
vae,57,0.13926220685243607,0.11070877065261205,1.427671770254771,2.799536873877619e-09,0.22961311042308807,,,,,,
vae,58,0.14075523614883423,0.11180433010061581,1.4475453694661458,3.2495395124731985e-09,0.22672595083713531,,,,,,
vae,59,0.13665001094341278,0.10886890689531963,1.3890553712844849,1.1720941717197064e-09,0.22701245546340942,,,,,,
vae,60,0.13778703659772873,0.11099064846833546,1.3398195902506511,1.1810674585323773e-09,0.22527967393398285,,,,,,
vae,61,0.14665929973125458,0.11973478148380916,1.3462261160214741,9.687565194482772e-10,0.23083564639091492,,,,,,
vae,62,0.14295697460571924,0.11417565122246742,1.4390660127003987,9.657485552002262e-09,0.22371016442775726,,,,,,
vae,63,0.1431806981563568,0.11587601155042648,1.3652342160542805,2.4089829040706743e-09,0.2356485277414322,,,,,,
vae,64,0.1361122541129589,0.10726628328363101,1.4422985514005024,7.767374047192485e-10,0.22435039281845093,,,,,,
vae,65,0.1343850170572599,0.10595023383696874,1.4217390815416973,1.898095885183073e-09,0.2264816015958786,,,,,,
vae,66,0.1280826802055041,0.10073931763569514,1.3671683073043823,3.8205600037810594e-09,0.22071705758571625,,,,,,
vae,67,0.13492686673998833,0.10751375183463097,1.3706557353337605,1.5653837618506694e-09,0.21500201523303986,,,,,,
vae,68,0.13734043389558792,0.10836417103807132,1.4488131403923035,3.6532161601376956e-09,0.24828526377677917,,,,,,
vae,69,0.13428606217106184,0.1056927852332592,1.4296639164288838,1.864785323779317e-09,0.23582282662391663,,,,,,
vae,70,0.17722517376144728,0.1476463129123052,1.4789430896441143,5.898692724085978e-09,0.24287551641464233,,,,,,
vae,71,0.15639722471435866,0.1277036170164744,1.4346803426742554,2.1833290355053694e-09,0.2305677831172943,,,,,,
vae,72,0.14268306518594423,0.11472003410259883,1.398151417573293,4.502014522354651e-09,0.2397758513689041,,,,,,
vae,73,0.14478967587153116,0.11869966238737106,1.3045006195704143,3.6178829162838064e-09,0.23318617045879364,,,,,,
vae,74,0.1296923632423083,0.10074102754394214,1.4475667079289753,2.1915047034026802e-09,0.22729550302028656,,,,,,
vae,75,0.13574705148736635,0.10599993541836739,1.4873560468355815,2.231651936163148e-09,0.22502002120018005,,,,,,
vae,76,0.13221732651193938,0.10331112891435623,1.4453099370002747,1.3214283671921419e-09,0.22885984182357788,,,,,,
vae,77,0.1295687071979046,0.10058604180812836,1.4491332372029622,4.2742512862403714e-09,0.22309410572052002,,,,,,
vae,78,0.12534535800417265,0.0962822896738847,1.4531533122062683,1.3207234029123733e-08,0.2284495234489441,,,,,,
vae,79,0.1215809981028239,0.09371967613697052,1.3930661082267761,2.0860843420155337e-09,0.22064490616321564,,,,,,
vae,80,0.11716064562400182,0.0891658365726471,1.3997406164805095,7.043667186549622e-09,0.22039800882339478,,,,,,
vae,81,0.11595813060800235,0.08819832901159923,1.3879902362823486,2.413581371221718e-09,0.22213006019592285,,,,,,
vae,82,0.1152268685400486,0.08762128526965778,1.3802792231241863,2.2145847863863644e-09,0.2189602553844452,,,,,,
vae,83,0.11782251050074895,0.08847439909974734,1.4674055775006611,2.151752008054212e-09,0.22046613693237305,,,,,,
vae,84,0.11816171556711197,0.09018668780724208,1.3987515171368916,1.587568437821929e-09,0.2262856364250183,,,,,,
vae,85,0.12492763499418895,0.09597249453266461,1.4477570056915283,1.182784718315825e-08,0.22082065045833588,,,,,,
vae,86,0.11649000644683838,0.08897538234790166,1.3757311900456746,2.7986230375966667e-09,0.22986049950122833,,,,,,
vae,87,0.1197839801510175,0.09099424009521802,1.439487059911092,2.179795156297589e-09,0.2243940383195877,,,,,,
vae,88,0.11676864822705586,0.08770362411936124,1.4532511035601299,3.4398950169804246e-09,0.22712263464927673,,,,,,
vae,89,0.11538779859741528,0.08723743880788486,1.4075180292129517,3.9262859398888255e-09,0.21274907886981964,,,,,,
vae,90,0.11796238894263904,0.08991282557447751,1.4024780988693237,1.38501314815113e-08,0.21620501577854156,,,,,,
vae,91,0.11889268830418587,0.09098602955540021,1.395332972208659,6.2889243160624735e-09,0.21825917065143585,,,,,,
vae,92,0.11246408646305402,0.08450960367918015,1.3977241317431133,1.779285164734204e-09,0.23402820527553558,,,,,,
vae,93,0.11483665555715561,0.08646839236219724,1.4184132019678752,3.8550860189297724e-09,0.22902150452136993,,,,,,
vae,94,0.10861196741461754,0.07933471848567326,1.4638624787330627,5.651512110145991e-09,0.22364473342895508,,,,,,
vae,95,0.12213839714725812,0.09319152558843295,1.447343687216441,4.02986834411682e-09,0.22220146656036377,,,,,,
vae,96,0.11147085453073184,0.0827539252738158,1.4358464479446411,7.599099451545873e-09,0.2249169945716858,,,,,,
vae,97,0.10952475294470787,0.08056806152065595,1.4478346308072407,2.593022610776341e-09,0.22153756022453308,,,,,,
vae,98,0.10996559758981068,0.08175009985764821,1.4107749263445537,1.7489103036153846e-09,0.21518903970718384,,,,,,
vae,99,0.10584709793329239,0.07787895947694778,1.3984069625536601,4.76681066841067e-09,0.21993030607700348,,,,,,
vae,100,0.10695800557732582,0.07928235083818436,1.3837827444076538,3.1395711123464545e-09,0.21695493161678314,,,,,,
vae,101,0.10970719282825787,0.08231722687681516,1.3694982926050823,6.8536949819157184e-09,0.22609277069568634,,,,,,
vae,102,0.10601674641172092,0.07751759638388951,1.4249573945999146,2.692063042538523e-09,0.22403228282928467,,,,,,
vae,103,0.10885282481710117,0.08042396853367488,1.4214428464571636,4.690838523169205e-09,0.23632611334323883,,,,,,
vae,104,0.10493869955341022,0.07630402967333794,1.43173348903656,3.803456864274561e-09,0.22830186784267426,,,,,,
vae,105,0.11183788627386093,0.08310006062189738,1.4368912974993389,4.725312971927871e-09,0.22585651278495789,,,,,,
vae,106,0.10658324385682742,0.07775928949316342,1.4411977529525757,7.408103593527689e-09,0.21934504806995392,,,,,,
vae,107,0.10787460828820865,0.080112940321366,1.3880834380785625,3.376295775366541e-09,0.21665425598621368,,,,,,
vae,108,0.10789979373415311,0.07987651601433754,1.4011638561884563,4.437077668247487e-09,0.22267547249794006,,,,,,
vae,109,0.10573738192518552,0.07653845722476642,1.4599461754163106,3.02875952240324e-09,0.2231513410806656,,,,,,
vae,110,0.10491932183504105,0.07503391057252884,1.4942705631256104,9.210729632706341e-09,0.22092336416244507,,,,,,
vae,111,0.11037095511953036,0.08067095031340916,1.4850000540415447,1.510072991650624e-08,0.22100645303726196,,,,,,
vae,112,0.10435186326503754,0.0762393157929182,1.405627469221751,2.2981047402696685e-09,0.21792462468147278,,,,,,
vae,113,0.10602128505706787,0.07820252142846584,1.3909382224082947,4.596176305290041e-09,0.2261226624250412,,,,,,
vae,114,0.10757656519611676,0.07960499202211697,1.398578683535258,5.491267505523349e-09,0.21825729310512543,,,,,,
vae,115,0.1120090385278066,0.08368271837631862,1.416316032409668,4.601846464076982e-09,0.22606626152992249,,,,,,
vae,116,0.10882603873809178,0.08054616550604503,1.4139936566352844,2.9986833849360295e-09,0.21779368817806244,,,,,,
vae,117,0.10613742098212242,0.07703039670983951,1.455351193745931,8.312194897663883e-09,0.22531452775001526,,,,,,
vae,118,0.1066941147049268,0.07713901686171691,1.4777548511823018,7.680429583989401e-09,0.22864100337028503,,,,,,
vae,119,0.10724003240466118,0.07774206871787707,1.4748980402946472,2.0631991642927616e-08,0.23704788088798523,,,,,,
vae,120,0.10396156460046768,0.0746210366487503,1.46702645222346,3.025897206410111e-09,0.22749575972557068,,,,,,
heads,1,,,,,,1.188801884651184,0.43004634744161135,0.3373649743470279,1.1644208431243896,0.21731629967689514,0.11047198623418808
heads,2,,,,,,1.1203863024711609,0.1657416835040241,0.15532041776489902,1.138239860534668,0.05022483691573143,0.09461662918329239
heads,3,,,,,,1.0967225233713787,0.10476472354554511,0.14370119494277162,1.1118128299713135,0.020667579025030136,0.08007868379354477
heads,4,,,,,,1.0276161233584087,0.07668783728565488,0.1391987314858994,1.0849943161010742,0.010325130075216293,0.0748865157365799
heads,5,,,,,,0.9937770565350851,0.0642572326900123,0.13651086293257675,1.0584996938705444,0.008181544952094555,0.07118859887123108
heads,6,,,,,,0.9425471425056458,0.057791207130853235,0.1337249826688271,1.0318914651870728,0.007830534130334854,0.07100541889667511
heads,7,,,,,,0.8864797751108805,0.05313591388138858,0.1314575570550832,1.007836937904358,0.005794441793113947,0.06803363561630249
heads,8,,,,,,0.8433510859807333,0.0496540895433395,0.1290847064032183,0.9849316477775574,0.00515520665794611,0.06971808522939682
heads,9,,,,,,0.8052902817726135,0.04640234837477857,0.1270862745193692,0.9649494886398315,0.0038811243139207363,0.06703013926744461
heads,10,,,,,,0.7726607918739319,0.044112530960278076,0.12503323075059172,0.946418046951294,0.004449266009032726,0.06768779456615448
heads,11,,,,,,0.7240571975708008,0.0420429114881274,0.12328264997764067,0.9267971515655518,0.0039216503500938416,0.06431800872087479
heads,12,,,,,,0.6967201630274454,0.040415308256815004,0.12121170662440263,0.9068105816841125,0.0032561549451202154,0.06467551738023758
heads,13,,,,,,0.6762646834055582,0.03919236120078471,0.11976273532037611,0.8857763409614563,0.002974084345623851,0.06655164808034897
heads,14,,,,,,0.6537281274795532,0.037569888468299596,0.1181935097102995,0.8603203892707825,0.0028380518779158592,0.064797542989254
heads,15,,,,,,0.6293954054514567,0.03685688396746462,0.1163069371666227,0.8299590349197388,0.0027076080441474915,0.06754788011312485
heads,16,,,,,,0.5967158675193787,0.036198280558183596,0.11476764789262375,0.7953414916992188,0.0027616708539426327,0.06773777306079865
heads,17,,,,,,0.5825033982594808,0.03535988259238082,0.11343720739150977,0.7584088444709778,0.0025188191793859005,0.0635547935962677
heads,18,,,,,,0.5756933490435282,0.03481336600788228,0.11245031083946104,0.7211849689483643,0.002473828149959445,0.06772246956825256
heads,19,,,,,,0.5476274490356445,0.03398542473842571,0.11144599008869815,0.6862720251083374,0.0024234342854470015,0.06820610910654068
heads,20,,,,,,0.5278020600477854,0.03375084042645894,0.110843401644137,0.654030442237854,0.002151989610865712,0.06839427351951599
heads,21,,,,,,0.5176332890987396,0.032815770741987535,0.11019923615378219,0.6245465874671936,0.0020318373572081327,0.06982552260160446
heads,22,,,,,,0.4983746409416199,0.032685825504459344,0.10964019703013557,0.6007845997810364,0.002009087475016713,0.07042820006608963
heads,23,,,,,,0.4830180803934733,0.03215868098588733,0.10895655749293116,0.5806345343589783,0.0021525926422327757,0.06832063943147659
heads,24,,,,,,0.459153950214386,0.03167771025524511,0.10827080218435882,0.5633881688117981,0.0018438863335177302,0.06885204464197159
heads,25,,,,,,0.4566696087519328,0.03144616974735415,0.10758476723711212,0.5496928095817566,0.0020060406532138586,0.0731942430138588
heads,26,,,,,,0.4460907181104024,0.03084201975302263,0.10687540336088701,0.5373005270957947,0.0020797085016965866,0.0715687945485115
heads,27,,,,,,0.4409376283486684,0.03109874494083516,0.1065141980524187,0.5270026326179504,0.001895968453027308,0.07060771435499191
heads,28,,,,,,0.4280690948168437,0.030533754206323004,0.10536694739546094,0.5182377696037292,0.0017496220534667373,0.07100362330675125
heads,29,,,,,,0.4190731147925059,0.030420658360053966,0.10474844228524666,0.5097149014472961,0.0016499849734827876,0.07221104949712753
heads,30,,,,,,0.4117925862471263,0.030547196021327723,0.10380090753753464,0.499773234128952,0.0020250831730663776,0.07619283348321915
heads,31,,,,,,0.3900228838125865,0.029938670359068102,0.10329624962110023,0.4926871359348297,0.0020482735708355904,0.0763666108250618
heads,32,,,,,,0.39531610409418744,0.029709011050207273,0.10268768668174744,0.48483753204345703,0.001808025292120874,0.07418405264616013
heads,33,,,,,,0.3865181903044383,0.029601110750204558,0.10196021005704806,0.47802603244781494,0.0018542339093983173,0.08027671277523041
heads,34,,,,,,0.38339804609616596,0.029473749364351296,0.10117165908797995,0.47039690613746643,0.001691686687991023,0.0802813395857811
heads,35,,,,,,0.3719692925612132,0.029038636086436063,0.10071684294319772,0.46462175250053406,0.001550370710901916,0.07758097350597382
heads,36,,,,,,0.35825127363204956,0.028817044304949895,0.10001548195814157,0.4616042375564575,0.0017908118898048997,0.0804077759385109
heads,37,,,,,,0.35560131072998047,0.028748762297939944,0.09950416941534389,0.45865747332572937,0.0016173700569197536,0.07838279753923416
heads,38,,,,,,0.34416283170382184,0.028567554767836224,0.09900492449085434,0.4549911320209503,0.001739348634146154,0.08443769812583923
heads,39,,,,,,0.3469122548898061,0.028396316670945713,0.09861054097290163,0.45043984055519104,0.0016814081463962793,0.08193780481815338
heads,40,,,,,,0.3418533205986023,0.028105220890470912,0.09791773954382191,0.4455113410949707,0.001681555062532425,0.0808907002210617
heads,41,,,,,,0.335980753103892,0.028177459494440588,0.09737633178373437,0.4413090944290161,0.001813091104850173,0.0834948793053627
heads,42,,,,,,0.3319474260012309,0.02795092635727548,0.09715583920478821,0.4392804205417633,0.0019189404556527734,0.08524215966463089
heads,43,,,,,,0.32903651396433514,0.027913311714088763,0.09679024492378359,0.4360130727291107,0.001900245319120586,0.08515696227550507
heads,44,,,,,,0.32431724667549133,0.027653606390798245,0.09630381615905019,0.43500223755836487,0.001496950862929225,0.08342257142066956
heads,45,,,,,,0.3150743941466014,0.027503325567617046,0.09579543933852927,0.4347274601459503,0.001970115816220641,0.08636649698019028
heads,46,,,,,,0.31147144238154095,0.02724170684814453,0.09540555045589225,0.4366316795349121,0.0015493381069973111,0.08530876040458679
heads,47,,,,,,0.3125264048576355,0.027195532407079424,0.09508714892647484,0.4363800287246704,0.0016218957025557756,0.09017766267061234
heads,48,,,,,,0.30933963259061176,0.02715325149913113,0.09489181957074574,0.4340418875217438,0.0017568370094522834,0.08659227937459946
heads,49,,,,,,0.3041088978449504,0.02712202195513558,0.09431908173220498,0.426655113697052,0.0016262178542092443,0.09285596013069153
heads,50,,,,,,0.3031613826751709,0.02696624712704064,0.09414952732138819,0.4230547547340393,0.0017009360017254949,0.09411851316690445
heads,51,,,,,,0.2969198723634084,0.02676619490148959,0.09360010825194322,0.4199869632720947,0.0016883056377992034,0.08919842541217804
heads,52,,,,,,0.3053912818431854,0.026771609852840373,0.09332947723277203,0.4200969934463501,0.0017319058533757925,0.0936860665678978
heads,53,,,,,,0.2942709724108378,0.02648978704562435,0.0931609429709323,0.42252057790756226,0.0016662442358210683,0.09418325126171112
heads,54,,,,,,0.28899622956911725,0.02633317020516117,0.09298226953326881,0.42228958010673523,0.0016260544070973992,0.09028848260641098
heads,55,,,,,,0.2848348220189412,0.026439709467934322,0.09263942139102267,0.4209546744823456,0.0015485662734135985,0.09168791770935059
heads,56,,,,,,0.2812452018260956,0.02641052481803027,0.09223173916726918,0.4185410439968109,0.0014978563413023949,0.09192579239606857
heads,57,,,,,,0.28231089810530346,0.02635453718823272,0.09219531589127206,0.4182029366493225,0.0016839178279042244,0.09394361078739166
heads,58,,,,,,0.27052953839302063,0.02606356204426908,0.09196791449537525,0.41630086302757263,0.0014293717686086893,0.09306898713111877
heads,59,,,,,,0.2683915098508199,0.026101994872480244,0.09166972474618391,0.41368311643600464,0.001513327588327229,0.09383891522884369
heads,60,,,,,,0.26794034739335376,0.025766823368219584,0.09158012270927429,0.411781370639801,0.0017169694183394313,0.09386185556650162
heads,61,,,,,,0.25820361574490863,0.02598826258213489,0.09139197358450332,0.41054874658584595,0.0014513370115309954,0.09393930435180664
heads,62,,,,,,0.2506581246852875,0.025706131882094717,0.09119623260838645,0.4101489782333374,0.0016426322981715202,0.09447694569826126
heads,63,,,,,,0.2556689729293187,0.025818710904810336,0.09098054662153318,0.41079798340797424,0.00166326726321131,0.096656434237957
heads,64,,,,,,0.2540081838766734,0.025490012552056993,0.09075515475366022,0.41067245602607727,0.0016858055023476481,0.09856921434402466
heads,65,,,,,,0.2580251495043437,0.02563121578619852,0.09063058394890328,0.41029223799705505,0.0017105068545788527,0.1008024662733078
heads,66,,,,,,0.24909822146097818,0.025417437002836885,0.09047434314504846,0.40937188267707825,0.0018225389067083597,0.09867585450410843
heads,67,,,,,,0.24572665492693582,0.02526704345333886,0.09017104142672056,0.40971633791923523,0.0013239040272310376,0.09885969012975693
heads,68,,,,,,0.24786783754825592,0.025282023135911335,0.09009518358227495,0.41300034523010254,0.001562699326314032,0.09554281830787659
heads,69,,,,,,0.24421117703119913,0.025254383900916423,0.09001566343880318,0.41205504536628723,0.0015437365509569645,0.09790000319480896
heads,70,,,,,,0.23841377596060434,0.0252441731704907,0.08969434331376831,0.4107912480831146,0.0015738389920443296,0.09690544009208679
heads,71,,,,,,0.2287398080031077,0.02495464888195713,0.08984550959491111,0.40838900208473206,0.0013627663720399141,0.09750692546367645
heads,72,,,,,,0.2298461695512136,0.024878648944295846,0.08964839635731338,0.40834689140319824,0.0015893832314759493,0.098395437002182
heads,73,,,,,,0.23392432431379953,0.024737167764793743,0.08922703854449383,0.4083273410797119,0.001629868522286415,0.09570257365703583
heads,74,,,,,,0.2291117658217748,0.024812161075797947,0.08934389403114071,0.4073781967163086,0.0015034645330160856,0.092976875603199
heads,75,,,,,,0.2290937304496765,0.024855550330180626,0.08905343904897764,0.4079909920692444,0.001562778023071587,0.09925580769777298
heads,76,,,,,,0.22659412026405334,0.02475105332476752,0.08920939392470695,0.4065956175327301,0.0014473990304395556,0.10000672936439514
heads,77,,,,,,0.23097822070121765,0.024477795443751595,0.08905240661138064,0.4058932960033417,0.0014360839268192649,0.09945809841156006
heads,78,,,,,,0.22038865089416504,0.024372069334441967,0.08880900185216557,0.4081965982913971,0.0016975158359855413,0.10050153732299805
heads,79,,,,,,0.21784636874993643,0.024753984233195133,0.08876066442046847,0.41020363569259644,0.0013824779307469726,0.09856879711151123
heads,80,,,,,,0.20872473220030466,0.02441697245971723,0.08859723322577291,0.40920400619506836,0.0016348859062418342,0.10149085521697998
heads,81,,,,,,0.21501930554707846,0.024559584482536687,0.08842604878273877,0.40743499994277954,0.0015060498844832182,0.09735794365406036
heads,82,,,,,,0.21627959609031677,0.024311916951041717,0.0883071870579348,0.4081869125366211,0.00154378532897681,0.10145518183708191
heads,83,,,,,,0.20901344219843546,0.024252564416496786,0.08826078890593021,0.40872922539711,0.0018827387830242515,0.10219178348779678
heads,84,,,,,,0.21228679517904916,0.02414756655306011,0.08817116161445518,0.412264883518219,0.0015712736640125513,0.09936139732599258
heads,85,,,,,,0.20532222092151642,0.024111281403086403,0.08814442148069282,0.41276565194129944,0.0017743463395163417,0.09831314533948898
heads,86,,,,,,0.19619672993818918,0.024111879239608714,0.08790964072013831,0.4125121533870697,0.0016289202030748129,0.1003299206495285
heads,87,,,,,,0.20186049739519754,0.024134160926589716,0.08799126986172293,0.4096611440181732,0.0015607503009960055,0.10139336436986923
heads,88,,,,,,0.19441629449526468,0.023864345092858587,0.08788789257213667,0.41038572788238525,0.001531192916445434,0.10674814879894257
heads,89,,,,,,0.1935528963804245,0.024191691020092408,0.0877888523913049,0.4089343249797821,0.0013203464914113283,0.10627546161413193
heads,90,,,,,,0.18913759291172028,0.02401490896553188,0.08783470094203949,0.4096088111400604,0.0015405243029817939,0.10431556403636932
heads,91,,,,,,0.18793836732705435,0.023891746006035185,0.08784494984459568,0.4116176664829254,0.00158425432164222,0.10306409001350403
heads,92,,,,,,0.19273687899112701,0.02376253774704097,0.08759099516001614,0.4127674698829651,0.0014244966441765428,0.10380973666906357
heads,93,,,,,,0.1867720683415731,0.023676645083280354,0.08750521575475669,0.41268137097358704,0.001592007465660572,0.10432067513465881
heads,94,,,,,,0.1919553428888321,0.023753409600490098,0.0873897871026745,0.4144081175327301,0.0016660105902701616,0.10010781139135361
heads,95,,,,,,0.18654901285966238,0.023801417053713428,0.08731564298852698,0.4141829013824463,0.001383788650855422,0.1042560338973999
heads,96,,,,,,0.18660652140776315,0.023827283848802765,0.08727854616069175,0.41502025723457336,0.0012665537651628256,0.10631463676691055
heads,97,,,,,,0.17819703121980032,0.02337876489603674,0.08725249515725421,0.41766658425331116,0.001500518643297255,0.10337772965431213
heads,98,,,,,,0.18214028080304465,0.02348132970948498,0.08713603251940244,0.4204176366329193,0.0014089279575273395,0.10588645935058594
heads,99,,,,,,0.18628084162871042,0.023431105635963477,0.08721694717933605,0.42152148485183716,0.0013925961684435606,0.10294333845376968
heads,100,,,,,,0.18360213935375214,0.023483577099713413,0.08718198953897922,0.4218917489051819,0.0015192287974059582,0.11208643764257431
heads,101,,,,,,0.17450671394666037,0.02334644350332099,0.08698858823869135,0.42029523849487305,0.0014245500788092613,0.09993939101696014
heads,102,,,,,,0.18268326421578726,0.02329119546459867,0.08706377088636547,0.41918817162513733,0.0014514332870021462,0.1067967340350151
heads,103,,,,,,0.17629817624886832,0.02331218771733247,0.08711512406151016,0.41638442873954773,0.0014078888343647122,0.09844623506069183
heads,104,,,,,,0.17253742615381876,0.023295672320119747,0.08689086361751928,0.4182644784450531,0.0015751816099509597,0.10328034311532974
heads,105,,,,,,0.1711729516585668,0.023219200939714135,0.08693605671068291,0.41960588097572327,0.0017183367162942886,0.09989123046398163
heads,106,,,,,,0.16630633672078451,0.023183873165156934,0.08681555160067299,0.42151039838790894,0.0014374004676938057,0.10147398710250854
heads,107,,,,,,0.17203802863756815,0.023122864279460597,0.08677822951372567,0.4228127896785736,0.0014827004633843899,0.10333490371704102
heads,108,,,,,,0.16633843878904978,0.02319171032928801,0.08680806628295354,0.42450782656669617,0.001391592901200056,0.10266038775444031
heads,109,,,,,,0.16166158517201742,0.023291667076674374,0.08660379584346499,0.42584753036499023,0.0014820940559729934,0.10066299885511398
heads,110,,,,,,0.15942770739396414,0.023062906482002953,0.0865038519168829,0.42619428038597107,0.0014877262292429805,0.10212685912847519
heads,111,,,,,,0.16458388169606528,0.02300340070256165,0.08664039251479236,0.4272083342075348,0.0017162520671263337,0.10075505822896957
heads,112,,,,,,0.16852069894472757,0.023087552252721476,0.08649222688241438,0.4285525381565094,0.0013511513825505972,0.10561437159776688
heads,113,,,,,,0.15956083436806998,0.02292742601946577,0.08648880145379476,0.42936694622039795,0.0014556582318618894,0.09706449508666992
heads,114,,,,,,0.166060080130895,0.022846555966254952,0.08651218621374725,0.4251597225666046,0.0014858593931421638,0.10435757786035538
heads,115,,,,,,0.15798204640547434,0.022935496498044435,0.08640712073871068,0.422931045293808,0.00128778419457376,0.10317809134721756
heads,116,,,,,,0.1603225072224935,0.023047570284310873,0.0863264962643772,0.4209708869457245,0.0015055356780067086,0.10009914636611938
heads,117,,,,,,0.1573509375254313,0.022827199212722964,0.08644070621434745,0.4186224937438965,0.0013780766166746616,0.10112039744853973
heads,118,,,,,,0.1673043171564738,0.0230046853471499,0.08633937628625275,0.41856732964515686,0.0016013419954106212,0.10451356321573257
heads,119,,,,,,0.16138545175393423,0.022740994084191012,0.08624457625986694,0.4218284487724304,0.001497831312008202,0.10399602353572845
heads,120,,,,,,0.15479528903961182,0.022903988307172603,0.08618608175160049,0.4240894317626953,0.0018063398310914636,0.10268770158290863
heads,121,,,,,,0.1547715663909912,0.02273387067600504,0.08616216219477839,0.431241899728775,0.0016224933788180351,0.1032373383641243
heads,122,,,,,,0.15520628790060678,0.022810046186114288,0.08629503381716741,0.43834924697875977,0.0016061938367784023,0.10738462954759598
heads,123,,,,,,0.15085860093434653,0.022814771063722573,0.08622118559750644,0.4376489818096161,0.0017175712855532765,0.10252533853054047
heads,124,,,,,,0.14681178331375122,0.022851686368321442,0.08606669258374672,0.434005469083786,0.0016818452859297395,0.10634505748748779
heads,125,,,,,,0.15603022277355194,0.022804544488717982,0.08606714271492773,0.43221449851989746,0.0015866553876549006,0.1082986444234848
heads,126,,,,,,0.14906892677148184,0.022692336712951785,0.08616312012656943,0.43345579504966736,0.0015723041724413633,0.10190822184085846
heads,127,,,,,,0.14203311999638876,0.022861967830882443,0.08595489236441525,0.43266722559928894,0.001411238918080926,0.10294635593891144
heads,128,,,,,,0.14508874714374542,0.02236149418953951,0.08602311258966272,0.4310776889324188,0.0013759563444182277,0.10628249496221542
heads,129,,,,,,0.1458782504002253,0.02273430469651501,0.08594206846379615,0.4297288656234741,0.0018177940510213375,0.10595516860485077
heads,130,,,,,,0.13984775046507517,0.022523846114417174,0.08580780319579236,0.4294547736644745,0.0016446473309770226,0.10222692042589188
joint,1,0.3143059015274048,0.06532691419124603,1.4205808639526367,1.0677987383189702e-08,0.21847447752952576,0.17505338788032532,0.02311379835009575,0.0896008312702179,,,
joint,2,0.30651459097862244,0.058085642755031586,1.3705217838287354,2.158126566342844e-09,0.21629281342029572,0.1686534285545349,0.029160387814044952,0.09281884878873825,,,
joint,3,0.28377673029899597,0.06050322577357292,1.3061875104904175,3.6035665562650365e-09,0.21487751603126526,0.1510201245546341,0.023579102009534836,0.09020213782787323,,,
joint,4,0.2838481366634369,0.05913253128528595,1.2272837162017822,1.8452779304567457e-09,0.21339908242225647,0.15127700567245483,0.024850506335496902,0.09616965800523758,,,
joint,5,0.2648259997367859,0.05780012533068657,1.1782338619232178,1.8087733533178607e-09,0.2110673189163208,0.13551291823387146,0.02405831404030323,0.09555979073047638,,,
joint,6,0.26182982325553894,0.06104681268334389,1.1285970211029053,1.2575643859591423e-09,0.20839707553386688,0.1312112808227539,0.023680225014686584,0.09327823668718338,,,
joint,7,0.25100788474082947,0.05966511741280556,1.0978773832321167,1.5916599149790045e-09,0.20589014887809753,0.12223013490438461,0.02340734750032425,0.09499093890190125,,,
joint,8,0.2493349015712738,0.06037769094109535,1.0461980104446411,1.0599290334312172e-09,0.20400871336460114,0.11911574006080627,0.02546137198805809,0.09382449835538864,,,
joint,9,0.23600326478481293,0.06254115700721741,1.0079964399337769,1.1945832101289966e-09,0.20214049518108368,0.10644762217998505,0.023693647235631943,0.092643603682518,,,
joint,10,0.2350476086139679,0.06181369349360466,0.9816081523895264,2.2461541515639283e-09,0.20050092041492462,0.1076212003827095,0.022209934890270233,0.09508238732814789,,,
joint,11,0.23018184304237366,0.062386654317379,0.9443680047988892,2.539764842879322e-09,0.19933128356933594,0.10209009051322937,0.022712761536240578,0.09641989320516586,,,
joint,12,0.21710658073425293,0.060444410890340805,0.9116954803466797,1.1314637005099826e-09,0.19850032031536102,0.09186115115880966,0.022187933325767517,0.09751672297716141,,,
joint,13,0.21893824636936188,0.05883339047431946,0.8868832588195801,1.4088294975067583e-09,0.19818167388439178,0.09422032535076141,0.023743722587823868,0.09761254489421844,,,
joint,14,0.223737895488739,0.06410161405801773,0.8505604863166809,8.92734552948582e-10,0.19805869460105896,0.09479585289955139,0.02303803339600563,0.09916475415229797,,,
joint,15,0.2185247242450714,0.06540780514478683,0.8254120945930481,1.4897602040875313e-09,0.19789648056030273,0.08937415480613708,0.023467909544706345,0.09506639838218689,,,
joint,16,0.21561187505722046,0.06395220756530762,0.7974531054496765,1.2359184786703281e-09,0.19760437309741974,0.08811534196138382,0.023325549438595772,0.09707888215780258,,,
joint,17,0.20638152956962585,0.0635203942656517,0.7770558595657349,3.743681198375981e-10,0.19727738201618195,0.07982852309942245,0.022717999294400215,0.09909398853778839,,,
joint,18,0.2030443698167801,0.06400495767593384,0.7559985518455505,1.1917323794463641e-09,0.19690769910812378,0.07751275599002838,0.02248869463801384,0.09567197412252426,,,
joint,19,0.20228591561317444,0.06125921010971069,0.7564313411712646,1.003801819443595e-09,0.19665735960006714,0.07742016017436981,0.02379699796438217,0.09872365742921829,,,
joint,20,0.19617149233818054,0.06348596513271332,0.7298994660377502,7.994505613062586e-10,0.19664737582206726,0.07080000638961792,0.022552601993083954,0.0989396795630455,,,
joint,21,0.19429439306259155,0.06168553978204727,0.713582456111908,6.935382823591851e-10,0.19649751484394073,0.0724334791302681,0.0220758356153965,0.09531160444021225,,,
joint,22,0.19425112009048462,0.06171796843409538,0.6895875930786133,1.6677176306600927e-09,0.19609031081199646,0.073615163564682,0.0210537351667881,0.09629001468420029,,,
joint,23,0.19564290344715118,0.06383936107158661,0.6712827086448669,9.438677617268354e-10,0.19575954973697662,0.06883189082145691,0.02417629212141037,0.10147875547409058,,,
joint,24,0.18947461247444153,0.06307379901409149,0.6596401333808899,8.554001951210921e-10,0.1953691691160202,0.06703893840312958,0.021922515705227852,0.09698624908924103,,,
joint,25,0.18718326091766357,0.06262892484664917,0.6448166966438293,8.811604224057135e-10,0.19506265223026276,0.06318213045597076,0.021971512585878372,0.10601743310689926,,,
joint,26,0.18668021261692047,0.0617237351834774,0.630246639251709,1.2696453888239034e-09,0.19509871304035187,0.06351952999830246,0.0234549380838871,0.10150831192731857,,,
joint,27,0.184437558054924,0.06598411500453949,0.610583484172821,9.938917466811859e-10,0.1952543705701828,0.059606555849313736,0.022784562781453133,0.09540266543626785,,,
joint,28,0.18465504050254822,0.06443218886852264,0.597143828868866,1.120266435172823e-09,0.1953640580177307,0.05862224102020264,0.02384960651397705,0.10323251783847809,,,
joint,29,0.18355721235275269,0.06388898938894272,0.5866549015045166,1.799179027983655e-09,0.19547706842422485,0.06052086129784584,0.02224983274936676,0.10065770149230957,,,
joint,30,0.17121484875679016,0.06325478851795197,0.5731052756309509,1.478636213469997e-09,0.19555041193962097,0.05102981999516487,0.020817521959543228,0.09860250353813171,,,
joint,31,0.17804855108261108,0.06461874395608902,0.5643528699874878,9.640930276333393e-10,0.1957000494003296,0.05508849397301674,0.02251482754945755,0.09815773367881775,,,
joint,32,0.17848262190818787,0.06528317183256149,0.5505193471908569,1.0111680381896804e-09,0.19591012597084045,0.0545382983982563,0.022978514432907104,0.09868904203176498,,,
joint,33,0.17803050577640533,0.06381313502788544,0.5399893522262573,3.280429483609737e-09,0.19618768990039825,0.05528637021780014,0.023199666291475296,0.09972621500492096,,,
joint,34,0.17382031679153442,0.06303900480270386,0.5387264490127563,1.7500181304086482e-09,0.19630450010299683,0.05215306207537651,0.023166734725236893,0.09874794632196426,,,
joint,35,0.16907036304473877,0.06418807059526443,0.5202984809875488,5.868044272716588e-09,0.19609050452709198,0.04624480754137039,0.02366575226187706,0.09826304018497467,,,
joint,36,0.17401714622974396,0.06599205732345581,0.49879586696624756,1.6711839689875774e-09,0.19604341685771942,0.05018005147576332,0.023095235228538513,0.09909553080797195,,,
joint,37,0.17013050615787506,0.0650750920176506,0.5012279748916626,2.296336676366195e-09,0.19589580595493317,0.04849625751376152,0.022411536425352097,0.0964922308921814,,,
joint,38,0.1655658483505249,0.06300181895494461,0.4945027232170105,1.673519212097574e-09,0.1957535743713379,0.046539414674043655,0.021677963435649872,0.09782636910676956,,,
joint,39,0.17283901572227478,0.06545607000589371,0.47939950227737427,1.906722779665415e-09,0.195915088057518,0.049272570759058,0.022521747276186943,0.10400256514549255,,,
joint,40,0.16055072844028473,0.06324926763772964,0.47386041283607483,1.7029124776968274e-09,0.1962406486272812,0.04215746745467186,0.021432504057884216,0.09693712741136551,,,
joint,41,0.16570529341697693,0.06522495299577713,0.4659371078014374,1.9978128040776255e-09,0.19653871655464172,0.04407244548201561,0.022592974826693535,0.09798471629619598,,,
joint,42,0.1653294563293457,0.06319860368967056,0.462471604347229,2.1516923798259313e-09,0.19678276777267456,0.04662367329001427,0.022632913663983345,0.0944993644952774,,,
joint,43,0.1674903929233551,0.06615141034126282,0.45561033487319946,9.057340988327667e-10,0.19668100774288177,0.044637054204940796,0.022775383666157722,0.09925732016563416,,,
joint,44,0.1657942235469818,0.06513344496488571,0.45280560851097107,1.440557895193706e-09,0.19655735790729523,0.042864080518484116,0.02359185554087162,0.10059487819671631,,,
joint,45,0.16119593381881714,0.061207398772239685,0.43694931268692017,1.5826568944277142e-09,0.19654656946659088,0.04496385157108307,0.02246861904859543,0.09526830166578293,,,
joint,46,0.16285090148448944,0.06623934954404831,0.43325769901275635,2.7542379488210145e-09,0.19656500220298767,0.04093971475958824,0.022477805614471436,0.09811550378799438,,,
joint,47,0.1612786501646042,0.06245549023151398,0.43466469645500183,2.099352025553003e-09,0.19681599736213684,0.042516253888607025,0.022406429052352905,0.10082872956991196,,,
joint,48,0.16555838286876678,0.06648513674736023,0.42327409982681274,2.1973742825309728e-09,0.19716817140579224,0.04404084384441376,0.022541018202900887,0.09610361605882645,,,
joint,49,0.1578444391489029,0.06300143897533417,0.41505613923072815,2.062464865559832e-09,0.1973535120487213,0.04060438647866249,0.02186000533401966,0.09630996733903885,,,
joint,50,0.1579039990901947,0.0615970715880394,0.41386619210243225,1.2561374163055916e-09,0.1979394257068634,0.040213145315647125,0.02282658964395523,0.09995947778224945,,,
joint,51,0.15948635339736938,0.0633433386683464,0.4040500819683075,1.7532800766772993e-09,0.19834473729133606,0.04032666236162186,0.023147741332650185,0.0983504205942154,,,
joint,52,0.15981364250183105,0.06365915387868881,0.4010770916938782,1.1170330216359048e-09,0.19808076322078705,0.04058781638741493,0.02243289351463318,0.10044898092746735,,,
joint,53,0.15792587399482727,0.0633021742105484,0.39971616864204407,3.0614129009620683e-09,0.1969650834798813,0.03920171782374382,0.02273981273174286,0.09875138103961945,,,
joint,54,0.15730342268943787,0.061860520392656326,0.38947466015815735,2.441504998174082e-09,0.19629502296447754,0.04008020833134651,0.023626549169421196,0.09578655660152435,,,
joint,55,0.15758764743804932,0.06064186245203018,0.3859138786792755,2.311217217609851e-09,0.19601209461688995,0.041429437696933746,0.02304949425160885,0.09899430721998215,,,
joint,56,0.1535341590642929,0.06304725259542465,0.3815026879310608,1.186955533860612e-09,0.19595122337341309,0.03603164106607437,0.022492170333862305,0.09733216464519501,,,
joint,57,0.15616711974143982,0.06347876787185669,0.37812507152557373,1.8869514839536805e-09,0.19608116149902344,0.03748258575797081,0.022592350840568542,0.10020361840724945,,,
joint,58,0.15184280276298523,0.06292811781167984,0.37055471539497375,3.3503633201092953e-09,0.1961623877286911,0.03458384424448013,0.022473962977528572,0.0977831557393074,,,
joint,59,0.1512102484703064,0.06229030340909958,0.3613424599170685,1.9777555149147474e-09,0.1958881914615631,0.03484756499528885,0.022935694083571434,0.09563935548067093,,,
joint,60,0.15724632143974304,0.06395427882671356,0.352708101272583,1.421798789813522e-09,0.19572597742080688,0.038300592452287674,0.023732993751764297,0.09681719541549683,,,
joint,61,0.1500432938337326,0.06069895625114441,0.35711032152175903,2.239334051523656e-09,0.19570712745189667,0.035596758127212524,0.021569665521383286,0.10014283657073975,,,
joint,62,0.15164051949977875,0.06053668633103371,0.3606199026107788,2.1051376197789295e-09,0.19578850269317627,0.03782029077410698,0.021929994225502014,0.09656459093093872,,,
joint,63,0.15062543749809265,0.06178027763962746,0.3490491509437561,3.527194314401072e-09,0.19603806734085083,0.03406105563044548,0.022933710366487503,0.09947767108678818,,,
joint,64,0.1510421186685562,0.06290006637573242,0.3425177335739136,2.8496318638104867e-09,0.1961919218301773,0.033866699784994125,0.02263636514544487,0.09915455430746078,,,
joint,65,0.15141645073890686,0.06319166719913483,0.3418384790420532,2.2479842431977204e-09,0.19636748731136322,0.0334615632891655,0.02211681567132473,0.1032385379076004,,,
joint,66,0.14992377161979675,0.061751820147037506,0.3348369896411896,2.295940992880219e-09,0.19623152911663055,0.03424886241555214,0.022561654448509216,0.09865880757570267,,,
joint,67,0.14847217500209808,0.06177879869937897,0.32955801486968994,2.703773205325888e-09,0.19606579840183258,0.033085063099861145,0.021953551098704338,0.10025440156459808,,,
joint,68,0.14821606874465942,0.060889001935720444,0.33237794041633606,2.6648947493157493e-09,0.19579824805259705,0.033484719693660736,0.02275845780968666,0.09774528443813324,,,
joint,69,0.15187035501003265,0.06520737707614899,0.32008054852485657,1.056678855526627e-09,0.19564776122570038,0.03412112593650818,0.021370459347963333,0.09907911717891693,,,
joint,70,0.14625917375087738,0.06074957177042961,0.32476088404655457,2.5593398511603027e-09,0.19525212049484253,0.03247874975204468,0.022189565002918243,0.09738428890705109,,,
joint,71,0.1467750072479248,0.061817292124032974,0.32203730940818787,1.711887964717107e-09,0.1947307288646698,0.03139301389455795,0.02171323262155056,0.10164287686347961,,,
joint,72,0.146683931350708,0.06090231612324715,0.32176998257637024,3.4594229703088786e-09,0.19457431137561798,0.03305809572339058,0.021798064932227135,0.09796017408370972,,,
joint,73,0.1474263221025467,0.06173628568649292,0.313869833946228,2.302684709576397e-09,0.19490113854408264,0.03196985274553299,0.02281966432929039,0.09849248826503754,,,
joint,74,0.1462160050868988,0.06363358348608017,0.30948030948638916,2.8233544391298437e-09,0.19524763524532318,0.030053794384002686,0.022129029035568237,0.09683997184038162,,,
joint,75,0.1451350301504135,0.06158299371600151,0.3081170916557312,2.3166739637758837e-09,0.19573791325092316,0.030754951760172844,0.021754562854766846,0.0995207130908966,,,
joint,76,0.1476576328277588,0.061941277235746384,0.30094754695892334,3.566258177656323e-09,0.196046382188797,0.03204546123743057,0.02297864854335785,0.09869319945573807,,,
joint,77,0.14374074339866638,0.06100579723715782,0.3018750548362732,3.0430600261865948e-09,0.19606231153011322,0.029502758756279945,0.022946003824472427,0.09699472784996033,,,
joint,78,0.14894038438796997,0.06512831151485443,0.29794904589653015,1.8573027560364608e-09,0.19642093777656555,0.03072558343410492,0.02222314104437828,0.09961748123168945,,,
joint,79,0.14541691541671753,0.062163274735212326,0.2931901216506958,3.122119229814757e-09,0.19705092906951904,0.031037550419569016,0.02226340025663376,0.09635555744171143,,,
joint,80,0.1456298679113388,0.0617172047495842,0.2948750853538513,3.485195909647132e-09,0.1969345659017563,0.030270209535956383,0.023835565894842148,0.09563758224248886,,,
joint,81,0.14150115847587585,0.059886831790208817,0.2920338809490204,5.1752060414855805e-09,0.19618116319179535,0.02881643921136856,0.0224553681910038,0.09800735116004944,,,
joint,82,0.1395527422428131,0.058843210339546204,0.2909527122974396,3.430713269025887e-09,0.19545306265354156,0.02964066155254841,0.02110074646770954,0.09659633040428162,,,
joint,83,0.14655911922454834,0.06312878429889679,0.2884156107902527,4.3958601203542e-09,0.1951982080936432,0.029550889506936073,0.023365464061498642,0.09898266941308975,,,
joint,84,0.1440214067697525,0.061520423740148544,0.28504809737205505,1.919476355638494e-09,0.1954302042722702,0.029554955661296844,0.023090874776244164,0.09661673754453659,,,
joint,85,0.1416424661874771,0.05934394896030426,0.28318655490875244,2.929037234977727e-09,0.19565896689891815,0.030111005529761314,0.022078081965446472,0.09778279811143875,,,
joint,86,0.14288601279258728,0.06068636476993561,0.2801288962364197,3.6573291062325097e-09,0.195631206035614,0.027240637689828873,0.023919815197587013,0.10174649208784103,,,
joint,87,0.14287710189819336,0.059637751430273056,0.2788529396057129,2.6535589281451166e-09,0.19562792778015137,0.028915075585246086,0.02346991002559662,0.10110921412706375,,,
joint,88,0.14050066471099854,0.05977051705121994,0.27677562832832336,2.4931339215328308e-09,0.19588887691497803,0.02868165634572506,0.022676069289445877,0.09534767270088196,,,
joint,89,0.14403478801250458,0.06066804751753807,0.273294061422348,2.5960578131645207e-09,0.19626183807849884,0.030647819861769676,0.022945839911699295,0.0972287729382515,,,
joint,90,0.14557166397571564,0.06158783659338951,0.27412572503089905,1.5347861870296242e-09,0.19677086174488068,0.03123621456325054,0.022144798189401627,0.10048120468854904,,,
joint,91,0.13905593752861023,0.06014048308134079,0.2708207368850708,1.5113474916006453e-09,0.19700650870800018,0.02742099203169346,0.021987073123455048,0.09636393189430237,,,
joint,92,0.13691529631614685,0.05930259823799133,0.2647865414619446,1.5466490310700465e-09,0.19685231149196625,0.02608659863471985,0.0219119805842638,0.0972735732793808,,,
joint,93,0.13989701867103577,0.05950579419732094,0.26644134521484375,5.839052796829947e-09,0.1966702789068222,0.027532657608389854,0.02239983342587948,0.1005195900797844,,,
joint,94,0.14301902055740356,0.06264221668243408,0.2598095238208771,6.100397520469869e-09,0.19646330177783966,0.029114574193954468,0.02130247838795185,0.09905427694320679,,,
joint,95,0.1409541815519333,0.06066511198878288,0.2555004954338074,1.7729974155500372e-09,0.1963004320859909,0.028498319908976555,0.022554911673069,0.09650331735610962,,,
joint,96,0.13745509088039398,0.05880272388458252,0.254286527633667,2.260925446861961e-09,0.19637957215309143,0.02727612666785717,0.022194012999534607,0.09638598561286926,,,
joint,97,0.13709218800067902,0.059277962893247604,0.2594863772392273,3.2272631234064875e-09,0.19632333517074585,0.02639017067849636,0.022106394171714783,0.09651174396276474,,,
joint,98,0.1380157619714737,0.059404406696558,0.25540804862976074,2.7507907063295534e-09,0.1960913985967636,0.02723107859492302,0.02202925831079483,0.09697141498327255,,,
joint,99,0.13963040709495544,0.0614904910326004,0.25568488240242004,4.1139402995327146e-09,0.19504645466804504,0.02766413986682892,0.02161955088376999,0.09497008472681046,,,
joint,100,0.13793447613716125,0.059134591370821,0.2568863332271576,2.691264322507436e-09,0.1941518783569336,0.02591949701309204,0.02316966839134693,0.09829200804233551,,,
joint,101,0.13896621763706207,0.06001202389597893,0.24720223248004913,3.077241572668754e-09,0.19422335922718048,0.02768602780997753,0.021725352853536606,0.09839502722024918,,,
joint,102,0.13658995926380157,0.05895308405160904,0.2517569065093994,2.1253399040688237e-09,0.19506828486919403,0.025298479944467545,0.02257191389799118,0.09892535954713821,,,
joint,103,0.14026916027069092,0.06251902878284454,0.24379345774650574,9.540027656740335e-10,0.19623807072639465,0.025684839114546776,0.022645018994808197,0.09817759692668915,,,
joint,104,0.14109423756599426,0.06341157108545303,0.24086280167102814,1.6888119791502731e-09,0.1966772973537445,0.025486765429377556,0.022697020322084427,0.09872651100158691,,,
joint,105,0.1361374706029892,0.05758771300315857,0.24815650284290314,1.808799332536637e-09,0.19696883857250214,0.02786690555512905,0.02136281132698059,0.09742765128612518,,,
joint,106,0.13424871861934662,0.059817008674144745,0.24588419497013092,2.9482769559052713e-09,0.19723138213157654,0.02330920659005642,0.021456224843859673,0.09899438172578812,,,
joint,107,0.1373799592256546,0.058430541306734085,0.24263226985931396,2.8978714983196596e-09,0.19734227657318115,0.02547290362417698,0.024177338927984238,0.09778611361980438,,,
joint,108,0.13376913964748383,0.057594604790210724,0.2419710010290146,3.2427385221467375e-09,0.19700941443443298,0.023657748475670815,0.023466285318136215,0.09684430807828903,,,
joint,109,0.13839659094810486,0.05714757740497589,0.2440842241048813,3.7112772854897003e-09,0.1964893788099289,0.027968233451247215,0.023458685725927353,0.09976169466972351,,,
joint,110,0.1357160210609436,0.06042524799704552,0.23600327968597412,2.894070316727948e-09,0.19605447351932526,0.02477208524942398,0.021759167313575745,0.09615778923034668,,,
joint,111,0.13566705584526062,0.05830002576112747,0.2321310192346573,3.104574153312001e-09,0.1959121972322464,0.02505730465054512,0.023234907537698746,0.09772880375385284,,,
joint,112,0.13516397774219513,0.060237638652324677,0.23225446045398712,3.3936491394825907e-09,0.19553808867931366,0.023201290518045425,0.02253515087068081,0.09817922860383987,,,
joint,113,0.1378503292798996,0.06198377162218094,0.23031149804592133,2.096724127653715e-09,0.19516445696353912,0.025151515379548073,0.021300917491316795,0.09923155605792999,,,
joint,114,0.1376015692949295,0.06122986972332001,0.22919106483459473,4.4646299990347416e-09,0.1951754093170166,0.024726007133722305,0.023114023730158806,0.09579140692949295,,,
joint,115,0.13395410776138306,0.059251002967357635,0.22895903885364532,5.113114820431974e-09,0.19520968198776245,0.02457478456199169,0.021273132413625717,0.09710399806499481,,,
joint,116,0.13679158687591553,0.059262704104185104,0.22722682356834412,3.470531639848673e-09,0.19514229893684387,0.025733795017004013,0.022912845015525818,0.09735085070133209,,,
joint,117,0.1368584930896759,0.05821764096617699,0.22543086111545563,2.2786799114271616e-09,0.19503504037857056,0.02583402954041958,0.023906398564577103,0.09756723046302795,,,
joint,118,0.13656483590602875,0.05952819436788559,0.22403651475906372,1.7727663781386127e-09,0.1945839375257492,0.02555035427212715,0.022507015615701675,0.09799420088529587,,,
joint,119,0.13933485746383667,0.062244243919849396,0.22521120309829712,4.3296775054102454e-09,0.19387485086917877,0.026735316962003708,0.022088009864091873,0.09505221992731094,,,
joint,120,0.13314537703990936,0.05906924605369568,0.22284850478172302,3.1910898368181506e-09,0.19373685121536255,0.023822953924536705,0.021493032574653625,0.09721268713474274,,,
